"","Path","Row","ID","Date","Craft","Sensor","Type","CloudCover","Quality"
"1","143","053","LE71430531999258EDC00","10849","LANDSAT_7","ETM","L1T","1.00","9"
"2","143","053","LE71430531999306EDC01","10897","LANDSAT_7","ETM","L1T","9.00","9"
"3","143","053","LE71430531999338SGS00","10929","LANDSAT_7","ETM","L1T","6.00","9"
"4","143","053","LE71430532000101SGS00","11057","LANDSAT_7","ETM","L1T","0.00","9"
"5","143","053","LE71430532000197EDC00","11153","LANDSAT_7","ETM","L1T","3.00","9"
"6","143","053","LE71430532000293SGS00","11249","LANDSAT_7","ETM","L1T","1.00","9"
"7","143","053","LE71430532001135SGS00","11457","LANDSAT_7","ETM","L1T","3.00","9"
"8","143","053","LE71430532001343SGS00","11665","LANDSAT_7","ETM","L1T","2.00","9"
"9","143","053","LE71430532003029SGS00","12081","LANDSAT_7","ETM","L1T","3.00","9"
"10","143","053","LE71430532003221ASN01","12273","LANDSAT_7","ETM","L1T","5.00","9"
"11","143","053","LE71430532004016ASN01","12433","LANDSAT_7","ETM","L1T","2.00","9"
"12","143","053","LE71430532004064ASN01","12481","LANDSAT_7","ETM","L1T","2.00","9"
"13","143","053","LE71430532004352PFS00","12769","LANDSAT_7","ETM","L1T","5.00","9"
"14","143","053","LE71430532005082PFS00","12865","LANDSAT_7","ETM","L1T","1.00","9"
"15","143","053","LE71430532005242ASN00","13025","LANDSAT_7","ETM","L1T","3.00","9"
"16","143","053","LE71430532005354PFS00","13137","LANDSAT_7","ETM","L1T","3.00","9"
"17","143","053","LE71430532006021PFS00","13169","LANDSAT_7","ETM","L1T","0.00","9"
"18","143","053","LE71430532006037PFS00","13185","LANDSAT_7","ETM","L1T","4.00","9"
"19","143","053","LE71430532006085PFS00","13233","LANDSAT_7","ETM","L1T","3.00","9"
"20","143","053","LE71430532006101PFS00","13249","LANDSAT_7","ETM","L1T","7.00","9"
"21","143","053","LE71430532006133ASN00","13281","LANDSAT_7","ETM","L1T","10.00","9"
"22","143","053","LE71430532007088SGS00","13601","LANDSAT_7","ETM","L1T","10.00","9"
"23","143","053","LE71430532007120ASN00","13633","LANDSAT_7","ETM","L1T","6.00","9"
"24","143","053","LE71430532007152ASN00","13665","LANDSAT_7","ETM","L1T","0.00","9"
"25","143","053","LE71430532007360SGS00","13873","LANDSAT_7","ETM","L1T","7.00","9"
"26","143","053","LE71430532008363SGS00","14241","LANDSAT_7","ETM","L1T","0.00","9"
"27","143","053","LE71430532009045SGS00","14289","LANDSAT_7","ETM","L1T","0.00","9"
"28","143","053","LE71430532009061ASN00","14305","LANDSAT_7","ETM","L1T","0.00","9"
"29","143","053","LE71430532009109ASN00","14353","LANDSAT_7","ETM","L1T","9.00","9"
"30","143","053","LE71430532009125ASN00","14369","LANDSAT_7","ETM","L1T","2.00","9"
"31","143","053","LE71430532010064ASN00","14673","LANDSAT_7","ETM","L1T","4.00","9"
"32","143","053","LE71430532010112SGS00","14721","LANDSAT_7","ETM","L1T","7.00","9"
"33","143","053","LE71430532011019ASN00","14993","LANDSAT_7","ETM","L1T","1.00","9"
"34","143","053","LE71430532011275PFS00","15249","LANDSAT_7","ETM","L1T","3.00","9"
"35","143","053","LE71430532012086PFS00","15425","LANDSAT_7","ETM","L1T","0.00","9"
"36","143","053","LE71430532012102PFS00","15441","LANDSAT_7","ETM","L1T","9.00","9"
"37","143","053","LE71430532012278PFS00","15617","LANDSAT_7","ETM","L1T","1.00","9"
"38","143","053","LE71430532012326PFS00","15665","LANDSAT_7","ETM","L1T","3.00","9"
"39","143","053","LE71430532013056PFS00","15761","LANDSAT_7","ETM","L1T","3.00","9"
"40","143","053","LE71430532013072PFS00","15777","LANDSAT_7","ETM","L1T","4.00","9"
"41","143","053","LE71430532013280SG100","15985","LANDSAT_7","ETM","L1T","2.00","9"
"42","143","054","LE71430541999258EDC00","10849","LANDSAT_7","ETM","L1T","5.00","9"
"43","143","054","LE71430541999306EDC01","10897","LANDSAT_7","ETM","L1T","10.00","9"
"44","143","054","LE71430541999338SGS00","10929","LANDSAT_7","ETM","L1T","9.00","9"
"45","143","054","LE71430542000293SGS00","11249","LANDSAT_7","ETM","L1T","6.00","9"
"46","143","054","LE71430542001007SGS00","11329","LANDSAT_7","ETM","L1T","10.00","9"
"47","143","054","LE71430542001247SGS00","11569","LANDSAT_7","ETM","L1T","1.00","9"
"48","143","054","LE71430542001343SGS00","11665","LANDSAT_7","ETM","L1T","5.00","9"
"49","143","054","LE71430542003029SGS00","12081","LANDSAT_7","ETM","L1T","4.00","9"
"50","143","054","LE71430542004016ASN01","12433","LANDSAT_7","ETM","L1T","7.00","9"
"51","143","054","LE71430542004064ASN01","12481","LANDSAT_7","ETM","L1T","3.00","9"
"52","143","054","LE71430542005274ASN00","13057","LANDSAT_7","ETM","L1T","4.00","9"
"53","143","054","LE71430542005354PFS00","13137","LANDSAT_7","ETM","L1T","8.00","9"
"54","143","054","LE71430542006021PFS00","13169","LANDSAT_7","ETM","L1T","0.00","9"
"55","143","054","LE71430542006085PFS00","13233","LANDSAT_7","ETM","L1T","6.00","9"
"56","143","054","LE71430542007088SGS00","13601","LANDSAT_7","ETM","L1T","7.00","9"
"57","143","054","LE71430542007360SGS00","13873","LANDSAT_7","ETM","L1T","6.00","9"
"58","143","054","LE71430542008267ASN00","14145","LANDSAT_7","ETM","L1T","1.00","9"
"59","143","054","LE71430542008283PFS00","14161","LANDSAT_7","ETM","L1T","10.00","9"
"60","143","054","LE71430542008363SGS00","14241","LANDSAT_7","ETM","L1T","1.00","9"
"61","143","054","LE71430542009045SGS00","14289","LANDSAT_7","ETM","L1T","0.00","9"
"62","143","054","LE71430542009061ASN00","14305","LANDSAT_7","ETM","L1T","0.00","9"
"63","143","054","LE71430542009077SGS00","14321","LANDSAT_7","ETM","L1T","4.00","9"
"64","143","054","LE71430542009109ASN00","14353","LANDSAT_7","ETM","L1T","4.00","9"
"65","143","054","LE71430542009333SGS00","14577","LANDSAT_7","ETM","L1T","10.00","9"
"66","143","054","LE71430542010080PFS00","14689","LANDSAT_7","ETM","L1T","0.00","9"
"67","143","054","LE71430542010096SGS01","14705","LANDSAT_7","ETM","L1T","6.00","9"
"68","143","054","LE71430542010112SGS00","14721","LANDSAT_7","ETM","L1T","7.00","9"
"69","143","054","LE71430542011019ASN00","14993","LANDSAT_7","ETM","L1T","3.00","9"
"70","143","054","LE71430542011275PFS00","15249","LANDSAT_7","ETM","L1T","2.00","9"
"71","143","054","LE71430542012086PFS00","15425","LANDSAT_7","ETM","L1T","3.00","9"
"72","143","054","LE71430542012102PFS01","15441","LANDSAT_7","ETM","L1T","9.00","9"
"73","143","054","LE71430542012134PFS01","15473","LANDSAT_7","ETM","L1T","3.00","9"
"74","143","054","LE71430542012278PFS00","15617","LANDSAT_7","ETM","L1T","6.00","9"
"75","143","054","LE71430542012310PFS00","15649","LANDSAT_7","ETM","L1T","4.00","9"
"76","143","054","LE71430542013056PFS00","15761","LANDSAT_7","ETM","L1T","6.00","9"
"77","143","054","LE71430542013072PFS00","15777","LANDSAT_7","ETM","L1T","7.00","9"
"78","143","054","LE71430542013280SG100","15985","LANDSAT_7","ETM","L1T","7.00","9"
"79","144","052","LE71440521999313SGS00","10904","LANDSAT_7","ETM","L1T","0.00","9"
"80","144","052","LE71440522000300SGS00","11256","LANDSAT_7","ETM","L1T","0.00","9"
"81","144","052","LE71440522000332SGS00","11288","LANDSAT_7","ETM","L1T","8.00","9"
"82","144","052","LE71440522001014SGS00","11336","LANDSAT_7","ETM","L1T","0.00","9"
"83","144","052","LE71440522001062SGS00","11384","LANDSAT_7","ETM","L1T","0.00","9"
"84","144","052","LE71440522001334SGS00","11656","LANDSAT_7","ETM","L1T","4.00","9"
"85","144","052","LE71440522002049SGS00","11736","LANDSAT_7","ETM","L1T","1.00","9"
"86","144","052","LE71440522002337SGS00","12024","LANDSAT_7","ETM","L1T","7.00","9"
"87","144","052","LE71440522003052SGS00","12104","LANDSAT_7","ETM","L1T","1.00","9"
"88","144","052","LE71440522003340ASN01","12392","LANDSAT_7","ETM","L1T","4.00","9"
"89","144","052","LE71440522004055ASN01","12472","LANDSAT_7","ETM","L1T","0.00","9"
"90","144","052","LE71440522004071ASN01","12488","LANDSAT_7","ETM","L1T","7.00","9"
"91","144","052","LE71440522004103ASN01","12520","LANDSAT_7","ETM","L1T","3.00","9"
"92","144","052","LE71440522004343PFS00","12760","LANDSAT_7","ETM","L1T","8.00","9"
"93","144","052","LE71440522005025ASN00","12808","LANDSAT_7","ETM","L1T","5.00","9"
"94","144","052","LE71440522005041ASN00","12824","LANDSAT_7","ETM","L1T","0.00","9"
"95","144","052","LE71440522005073PFS02","12856","LANDSAT_7","ETM","L1T","0.00","9"
"96","144","052","LE71440522006364ASN00","13512","LANDSAT_7","ETM","L1T","2.00","9"
"97","144","052","LE71440522007031SGS00","13544","LANDSAT_7","ETM","L1T","9.00","9"
"98","144","052","LE71440522007047SGS00","13560","LANDSAT_7","ETM","L1T","0.00","9"
"99","144","052","LE71440522007063SGS01","13576","LANDSAT_7","ETM","L1T","9.00","9"
"100","144","052","LE71440522007095ASN00","13608","LANDSAT_7","ETM","L1T","2.00","9"
"101","144","052","LE71440522007319PFS00","13832","LANDSAT_7","ETM","L1T","0.00","9"
"102","144","052","LE71440522008002SGS00","13880","LANDSAT_7","ETM","L1T","4.00","9"
"103","144","052","LE71440522008050SGS00","13928","LANDSAT_7","ETM","L1T","2.00","9"
"104","144","052","LE71440522008066SGS00","13944","LANDSAT_7","ETM","L1T","0.00","9"
"105","144","052","LE71440522008274ASN00","14152","LANDSAT_7","ETM","L1T","8.00","9"
"106","144","052","LE71440522009020SGS00","14264","LANDSAT_7","ETM","L1T","0.00","9"
"107","144","052","LE71440522009036ASN00","14280","LANDSAT_7","ETM","L1T","0.00","9"
"108","144","052","LE71440522009132SGS01","14376","LANDSAT_7","ETM","L1T","3.00","9"
"109","144","052","LE71440522010007SGS00","14616","LANDSAT_7","ETM","L1T","7.00","9"
"110","144","052","LE71440522010039ASN00","14648","LANDSAT_7","ETM","L1T","0.00","9"
"111","144","052","LE71440522011090ASN00","15064","LANDSAT_7","ETM","L1T","9.00","9"
"112","144","052","LE71440522011314PFS00","15288","LANDSAT_7","ETM","L1T","4.00","9"
"113","144","052","LE71440522012061PFS00","15400","LANDSAT_7","ETM","L1T","0.00","9"
"114","144","052","LE71440522012109PFS00","15448","LANDSAT_7","ETM","L1T","8.00","9"
"115","144","052","LE71440522012333PFS00","15672","LANDSAT_7","ETM","L1T","5.00","9"
"116","144","052","LE71440522013015PFS00","15720","LANDSAT_7","ETM","L1T","0.00","9"
"117","144","052","LE71440522013351SG100","16056","LANDSAT_7","ETM","L1T","10.00","9"
"118","144","053","LE71440531999313SGS00","10904","LANDSAT_7","ETM","L1T","3.00","9"
"119","144","053","LE71440532000300SGS00","11256","LANDSAT_7","ETM","L1T","0.00","9"
"120","144","053","LE71440532001014SGS00","11336","LANDSAT_7","ETM","L1T","0.00","9"
"121","144","053","LE71440532001062SGS00","11384","LANDSAT_7","ETM","L1T","2.00","9"
"122","144","053","LE71440532001334SGS00","11656","LANDSAT_7","ETM","L1T","10.00","9"
"123","144","053","LE71440532002049SGS00","11736","LANDSAT_7","ETM","L1T","4.00","9"
"124","144","053","LE71440532003052SGS00","12104","LANDSAT_7","ETM","L1T","4.00","9"
"125","144","053","LE71440532003340ASN01","12392","LANDSAT_7","ETM","L1T","5.00","9"
"126","144","053","LE71440532004071ASN01","12488","LANDSAT_7","ETM","L1T","4.00","9"
"127","144","053","LE71440532004343PFS00","12760","LANDSAT_7","ETM","L1T","9.00","9"
"128","144","053","LE71440532005025ASN00","12808","LANDSAT_7","ETM","L1T","4.00","9"
"129","144","053","LE71440532005041ASN00","12824","LANDSAT_7","ETM","L1T","0.00","9"
"130","144","053","LE71440532005073PFS02","12856","LANDSAT_7","ETM","L1T","1.00","9"
"131","144","053","LE71440532006364ASN00","13512","LANDSAT_7","ETM","L1T","2.00","9"
"132","144","053","LE71440532007031SGS00","13544","LANDSAT_7","ETM","L1T","7.00","9"
"133","144","053","LE71440532007047SGS00","13560","LANDSAT_7","ETM","L1T","2.00","9"
"134","144","053","LE71440532007063SGS01","13576","LANDSAT_7","ETM","L1T","5.00","9"
"135","144","053","LE71440532007095ASN00","13608","LANDSAT_7","ETM","L1T","5.00","9"
"136","144","053","LE71440532007319PFS00","13832","LANDSAT_7","ETM","L1T","6.00","9"
"137","144","053","LE71440532007335ASN00","13848","LANDSAT_7","ETM","L1T","6.00","9"
"138","144","053","LE71440532008002SGS00","13880","LANDSAT_7","ETM","L1T","1.00","9"
"139","144","053","LE71440532008050SGS00","13928","LANDSAT_7","ETM","L1T","6.00","9"
"140","144","053","LE71440532008066SGS00","13944","LANDSAT_7","ETM","L1T","5.00","9"
"141","144","053","LE71440532009020SGS00","14264","LANDSAT_7","ETM","L1T","0.00","9"
"142","144","053","LE71440532009036ASN00","14280","LANDSAT_7","ETM","L1T","0.00","9"
"143","144","053","LE71440532009084SGS00","14328","LANDSAT_7","ETM","L1T","4.00","9"
"144","144","053","LE71440532010007SGS00","14616","LANDSAT_7","ETM","L1T","3.00","9"
"145","144","053","LE71440532010039ASN00","14648","LANDSAT_7","ETM","L1T","0.00","9"
"146","144","053","LE71440532011282PFS00","15256","LANDSAT_7","ETM","L1T","8.00","9"
"147","144","053","LE71440532011314PFS00","15288","LANDSAT_7","ETM","L1T","0.00","9"
"148","144","053","LE71440532012045PFS00","15384","LANDSAT_7","ETM","L1T","0.00","9"
"149","144","053","LE71440532012061PFS00","15400","LANDSAT_7","ETM","L1T","0.00","9"
"150","144","053","LE71440532012333PFS00","15672","LANDSAT_7","ETM","L1T","7.00","9"
"151","144","053","LE71440532012349PFS00","15688","LANDSAT_7","ETM","L1T","5.00","9"
"152","144","053","LE71440532013015PFS00","15720","LANDSAT_7","ETM","L1T","0.00","9"
"153","144","053","LE71440532013351SG100","16056","LANDSAT_7","ETM","L1T","4.00","9"
"154","144","054","LE71440541999265SGS01","10856","LANDSAT_7","ETM","L1T","6.00","9"
"155","144","054","LE71440541999313SGS00","10904","LANDSAT_7","ETM","L1T","6.00","9"
"156","144","054","LE71440542000028EDC00","10984","LANDSAT_7","ETM","L1T","0.00","9"
"157","144","054","LE71440542000300SGS00","11256","LANDSAT_7","ETM","L1T","5.00","9"
"158","144","054","LE71440542000332SGS00","11288","LANDSAT_7","ETM","L1T","1.00","9"
"159","144","054","LE71440542001062SGS00","11384","LANDSAT_7","ETM","L1T","1.00","9"
"160","144","054","LE71440542001222AGS00","11544","LANDSAT_7","ETM","L1T","10.00","9"
"161","144","054","LE71440542001334SGS00","11656","LANDSAT_7","ETM","L1T","0.00","9"
"162","144","054","LE71440542002257SGS00","11944","LANDSAT_7","ETM","L1T","9.00","9"
"163","144","054","LE71440542002337SGS00","12024","LANDSAT_7","ETM","L1T","5.00","9"
"164","144","054","LE71440542003052SGS00","12104","LANDSAT_7","ETM","L1T","9.00","9"
"165","144","054","LE71440542003308ASN01","12360","LANDSAT_7","ETM","L1T","8.00","9"
"166","144","054","LE71440542003356ASN01","12408","LANDSAT_7","ETM","L1T","6.00","9"
"167","144","054","LE71440542004343PFS00","12760","LANDSAT_7","ETM","L1T","0.00","9"
"168","144","054","LE71440542005073PFS02","12856","LANDSAT_7","ETM","L1T","0.00","9"
"169","144","054","LE71440542005361ASN00","13144","LANDSAT_7","ETM","L1T","5.00","9"
"170","144","054","LE71440542006060PFS00","13208","LANDSAT_7","ETM","L1T","8.00","9"
"171","144","054","LE71440542007031SGS00","13544","LANDSAT_7","ETM","L1T","0.00","9"
"172","144","054","LE71440542007047SGS00","13560","LANDSAT_7","ETM","L1T","3.00","9"
"173","144","054","LE71440542007063SGS01","13576","LANDSAT_7","ETM","L1T","2.00","9"
"174","144","054","LE71440542007095ASN00","13608","LANDSAT_7","ETM","L1T","9.00","9"
"175","144","054","LE71440542008018ASN00","13896","LANDSAT_7","ETM","L1T","2.00","9"
"176","144","054","LE71440542008050SGS00","13928","LANDSAT_7","ETM","L1T","8.00","9"
"177","144","054","LE71440542008066ASN00","13944","LANDSAT_7","ETM","L1T","7.00","9"
"178","144","054","LE71440542008274ASN00","14152","LANDSAT_7","ETM","L1T","6.00","9"
"179","144","054","LE71440542009020SGS00","14264","LANDSAT_7","ETM","L1T","0.00","9"
"180","144","054","LE71440542009036ASN01","14280","LANDSAT_7","ETM","L1T","0.00","9"
"181","144","054","LE71440542009084SGS00","14328","LANDSAT_7","ETM","L1T","1.00","9"
"182","144","054","LE71440542010007SGS00","14616","LANDSAT_7","ETM","L1T","4.00","9"
"183","144","054","LE71440542010039ASN00","14648","LANDSAT_7","ETM","L1T","2.00","9"
"184","144","054","LE71440542011282PFS00","15256","LANDSAT_7","ETM","L1T","2.00","9"
"185","144","054","LE71440542012013PFS00","15352","LANDSAT_7","ETM","L1T","2.00","9"
"186","144","054","LE71440542012045PFS00","15384","LANDSAT_7","ETM","L1T","1.00","9"
"187","144","054","LE71440542012061PFS00","15400","LANDSAT_7","ETM","L1T","6.00","9"
"188","144","054","LE71440542012093PFS00","15432","LANDSAT_7","ETM","L1T","8.00","9"
"189","144","054","LE71440542012349PFS00","15688","LANDSAT_7","ETM","L1T","0.00","9"
"190","144","054","LE71440542013015PFS00","15720","LANDSAT_7","ETM","L1T","0.00","9"
"191","144","054","LE71440542013271SG100","15976","LANDSAT_7","ETM","L1T","10.00","9"
"192","145","050","LE71450501999304SGS00","10895","LANDSAT_7","ETM","L1T","0.00","9"
"193","145","050","LE71450501999336SGS00","10927","LANDSAT_7","ETM","L1T","0.00","9"
"194","145","050","LE71450502000051EDC00","11007","LANDSAT_7","ETM","L1T","0.00","9"
"195","145","050","LE71450502000083SGS00","11039","LANDSAT_7","ETM","L1T","0.00","9"
"196","145","050","LE71450502000355SGS00","11311","LANDSAT_7","ETM","L1T","0.00","9"
"197","145","050","LE71450502001037SGS00","11359","LANDSAT_7","ETM","L1T","0.00","9"
"198","145","050","LE71450502001085SGS00","11407","LANDSAT_7","ETM","L1T","0.00","9"
"199","145","050","LE71450502001117SGS00","11439","LANDSAT_7","ETM","L1T","2.00","9"
"200","145","050","LE71450502001133SGS00","11455","LANDSAT_7","ETM","L1T","3.00","9"
"201","145","050","LE71450502001309SGS00","11631","LANDSAT_7","ETM","L1T","6.00","9"
"202","145","050","LE71450502002024SGS00","11711","LANDSAT_7","ETM","L1T","0.00","9"
"203","145","050","LE71450502002088SGS00","11775","LANDSAT_7","ETM","L1T","0.00","9"
"204","145","050","LE71450502002264SGS00","11951","LANDSAT_7","ETM","L1T","10.00","9"
"205","145","050","LE71450502002344SGS00","12031","LANDSAT_7","ETM","L1T","4.00","9"
"206","145","050","LE71450502003027SGS00","12079","LANDSAT_7","ETM","L1T","0.00","9"
"207","145","050","LE71450502003075SGS00","12127","LANDSAT_7","ETM","L1T","9.00","9"
"208","145","050","LE71450502003091ASN00","12143","LANDSAT_7","ETM","L1T","0.00","9"
"209","145","050","LE71450502003139ASN00","12191","LANDSAT_7","ETM","L1T","0.00","9"
"210","145","050","LE71450502003315ASN01","12367","LANDSAT_7","ETM","L1T","0.00","9"
"211","145","050","LE71450502004014ASN01","12431","LANDSAT_7","ETM","L1T","0.00","9"
"212","145","050","LE71450502004062ASN01","12479","LANDSAT_7","ETM","L1T","0.00","9"
"213","145","050","LE71450502004094ASN01","12511","LANDSAT_7","ETM","L1T","4.00","9"
"214","145","050","LE71450502004334PFS00","12751","LANDSAT_7","ETM","L1T","0.00","9"
"215","145","050","LE71450502004366PFS00","12783","LANDSAT_7","ETM","L1T","0.00","9"
"216","145","050","LE71450502005016ASN00","12799","LANDSAT_7","ETM","L1T","0.00","9"
"217","145","050","LE71450502005064ASN00","12847","LANDSAT_7","ETM","L1T","0.00","9"
"218","145","050","LE71450502005320SGS00","13103","LANDSAT_7","ETM","L1T","0.00","9"
"219","145","050","LE71450502006019PFS00","13167","LANDSAT_7","ETM","L1T","0.00","9"
"220","145","050","LE71450502006035PFS00","13183","LANDSAT_7","ETM","L1T","0.00","9"
"221","145","050","LE71450502006083ASN00","13231","LANDSAT_7","ETM","L1T","7.00","9"
"222","145","050","LE71450502006099PFS00","13247","LANDSAT_7","ETM","L1T","0.00","9"
"223","145","050","LE71450502007006ASN00","13519","LANDSAT_7","ETM","L1T","0.00","9"
"224","145","050","LE71450502007038SGS00","13551","LANDSAT_7","ETM","L1T","0.00","9"
"225","145","050","LE71450502007070SGS00","13583","LANDSAT_7","ETM","L1T","0.00","9"
"226","145","050","LE71450502007102ASN00","13615","LANDSAT_7","ETM","L1T","4.00","9"
"227","145","050","LE71450502007134ASN00","13647","LANDSAT_7","ETM","L1T","0.00","9"
"228","145","050","LE71450502007326ASN00","13839","LANDSAT_7","ETM","L1T","0.00","9"
"229","145","050","LE71450502007358ASN00","13871","LANDSAT_7","ETM","L1T","6.00","9"
"230","145","050","LE71450502008009PFS00","13887","LANDSAT_7","ETM","L1T","0.00","9"
"231","145","050","LE71450502008057ASN00","13935","LANDSAT_7","ETM","L1T","0.00","9"
"232","145","050","LE71450502008105ASN00","13983","LANDSAT_7","ETM","L1T","0.00","9"
"233","145","050","LE71450502008313ASN00","14191","LANDSAT_7","ETM","L1T","0.00","9"
"234","145","050","LE71450502008361SGS00","14239","LANDSAT_7","ETM","L1T","0.00","9"
"235","145","050","LE71450502009011SGS00","14255","LANDSAT_7","ETM","L1T","0.00","9"
"236","145","050","LE71450502009043SGS00","14287","LANDSAT_7","ETM","L1T","0.00","9"
"237","145","050","LE71450502009075ASN00","14319","LANDSAT_7","ETM","L1T","0.00","9"
"238","145","050","LE71450502009091SGS00","14335","LANDSAT_7","ETM","L1T","0.00","9"
"239","145","050","LE71450502009299ASN00","14543","LANDSAT_7","ETM","L1T","0.00","9"
"240","145","050","LE71450502009331ASN00","14575","LANDSAT_7","ETM","L1T","0.00","9"
"241","145","050","LE71450502009347SGS00","14591","LANDSAT_7","ETM","L1T","0.00","9"
"242","145","050","LE71450502010030ASN00","14639","LANDSAT_7","ETM","L1T","0.00","9"
"243","145","050","LE71450502010046ASN00","14655","LANDSAT_7","ETM","L1T","9.00","9"
"244","145","050","LE71450502010062SGS00","14671","LANDSAT_7","ETM","L1T","0.00","9"
"245","145","050","LE71450502010126ASN00","14735","LANDSAT_7","ETM","L1T","0.00","9"
"246","145","050","LE71450502011017ASN00","14991","LANDSAT_7","ETM","L1T","0.00","9"
"247","145","050","LE71450502011321PFS01","15295","LANDSAT_7","ETM","L1T","0.00","9"
"248","145","050","LE71450502012004PFS00","15343","LANDSAT_7","ETM","L1T","0.00","9"
"249","145","050","LE71450502012036PFS00","15375","LANDSAT_7","ETM","L1T","0.00","9"
"250","145","050","LE71450502012100PFS01","15439","LANDSAT_7","ETM","L1T","0.00","9"
"251","145","050","LE71450502012292PFS00","15631","LANDSAT_7","ETM","L1T","0.00","9"
"252","145","050","LE71450502012324PFS01","15663","LANDSAT_7","ETM","L1T","0.00","9"
"253","145","050","LE71450502013022PFS00","15727","LANDSAT_7","ETM","L1T","0.00","9"
"254","145","050","LE71450502013038PFS00","15743","LANDSAT_7","ETM","L1T","0.00","9"
"255","145","050","LE71450502013070PFS00","15775","LANDSAT_7","ETM","L1T","2.00","9"
"256","145","050","LE71450502013102PFS00","15807","LANDSAT_7","ETM","L1T","0.00","9"
"257","145","050","LE71450502014009SG100","16079","LANDSAT_7","ETM","L1T","0.00","9"
"258","145","051","LE71450511999352EDC00","10943","LANDSAT_7","ETM","L1T","4.00","9"
"259","145","051","LE71450512000083SGS01","11039","LANDSAT_7","ETM","L1T","6.00","9"
"260","145","051","LE71450512000355SGS00","11311","LANDSAT_7","ETM","L1T","0.00","9"
"261","145","051","LE71450512001085SGS00","11407","LANDSAT_7","ETM","L1T","0.00","9"
"262","145","051","LE71450512001309SGS00","11631","LANDSAT_7","ETM","L1T","6.00","9"
"263","145","051","LE71450512002088SGS00","11775","LANDSAT_7","ETM","L1T","0.00","9"
"264","145","051","LE71450512003027SGS00","12079","LANDSAT_7","ETM","L1T","0.00","9"
"265","145","051","LE71450512003091ASN00","12143","LANDSAT_7","ETM","L1T","9.00","9"
"266","145","051","LE71450512003299ASN01","12351","LANDSAT_7","ETM","L1T","8.00","9"
"267","145","051","LE71450512003315ASN01","12367","LANDSAT_7","ETM","L1T","0.00","9"
"268","145","051","LE71450512003363ASN01","12415","LANDSAT_7","ETM","L1T","0.00","9"
"269","145","051","LE71450512004014ASN01","12431","LANDSAT_7","ETM","L1T","0.00","9"
"270","145","051","LE71450512004078ASN01","12495","LANDSAT_7","ETM","L1T","0.00","9"
"271","145","051","LE71450512004094ASN01","12511","LANDSAT_7","ETM","L1T","1.00","9"
"272","145","051","LE71450512004334PFS00","12751","LANDSAT_7","ETM","L1T","0.00","9"
"273","145","051","LE71450512005016ASN00","12799","LANDSAT_7","ETM","L1T","10.00","9"
"274","145","051","LE71450512005064ASN00","12847","LANDSAT_7","ETM","L1T","0.00","9"
"275","145","051","LE71450512005320SGS00","13103","LANDSAT_7","ETM","L1T","0.00","9"
"276","145","051","LE71450512006019PFS00","13167","LANDSAT_7","ETM","L1T","0.00","9"
"277","145","051","LE71450512006035PFS00","13183","LANDSAT_7","ETM","L1T","0.00","9"
"278","145","051","LE71450512006067ASN00","13215","LANDSAT_7","ETM","L1T","2.00","9"
"279","145","051","LE71450512007006ASN00","13519","LANDSAT_7","ETM","L1T","0.00","9"
"280","145","051","LE71450512007038SGS00","13551","LANDSAT_7","ETM","L1T","0.00","9"
"281","145","051","LE71450512007342PFS00","13855","LANDSAT_7","ETM","L1T","10.00","9"
"282","145","051","LE71450512008009PFS00","13887","LANDSAT_7","ETM","L1T","0.00","9"
"283","145","051","LE71450512008057ASN00","13935","LANDSAT_7","ETM","L1T","0.00","9"
"284","145","051","LE71450512008105ASN00","13983","LANDSAT_7","ETM","L1T","2.00","9"
"285","145","051","LE71450512008361SGS00","14239","LANDSAT_7","ETM","L1T","10.00","9"
"286","145","051","LE71450512009011SGS00","14255","LANDSAT_7","ETM","L1T","0.00","9"
"287","145","051","LE71450512009043SGS00","14287","LANDSAT_7","ETM","L1T","0.00","9"
"288","145","051","LE71450512009075ASN00","14319","LANDSAT_7","ETM","L1T","0.00","9"
"289","145","051","LE71450512009091SGS00","14335","LANDSAT_7","ETM","L1T","3.00","9"
"290","145","051","LE71450512009299ASN00","14543","LANDSAT_7","ETM","L1T","4.00","9"
"291","145","051","LE71450512009331ASN00","14575","LANDSAT_7","ETM","L1T","9.00","9"
"292","145","051","LE71450512010030ASN00","14639","LANDSAT_7","ETM","L1T","0.00","9"
"293","145","051","LE71450512010062SGS00","14671","LANDSAT_7","ETM","L1T","0.00","9"
"294","145","051","LE71450512010126ASN00","14735","LANDSAT_7","ETM","L1T","4.00","9"
"295","145","051","LE71450512011017ASN00","14991","LANDSAT_7","ETM","L1T","0.00","9"
"296","145","051","LE71450512011049ASN00","15023","LANDSAT_7","ETM","L1T","6.00","9"
"297","145","051","LE71450512012004PFS00","15343","LANDSAT_7","ETM","L1T","0.00","9"
"298","145","051","LE71450512012036PFS00","15375","LANDSAT_7","ETM","L1T","0.00","9"
"299","145","051","LE71450512012292PFS00","15631","LANDSAT_7","ETM","L1T","1.00","9"
"300","145","051","LE71450512012324PFS01","15663","LANDSAT_7","ETM","L1T","0.00","9"
"301","145","051","LE71450512013022ASN00","15727","LANDSAT_7","ETM","L1T","0.00","9"
"302","145","051","LE71450512013038PFS00","15743","LANDSAT_7","ETM","L1T","4.00","9"
"303","145","051","LE71450512013102PFS00","15807","LANDSAT_7","ETM","L1T","0.00","9"
"304","145","051","LE71450512013310SG100","16015","LANDSAT_7","ETM","L1T","3.00","9"
"305","145","052","LE71450521999304SGS00","10895","LANDSAT_7","ETM","L1T","9.00","9"
"306","145","052","LE71450522000083SGS00","11039","LANDSAT_7","ETM","L1T","2.00","9"
"307","145","052","LE71450522000355SGS00","11311","LANDSAT_7","ETM","L1T","2.00","9"
"308","145","052","LE71450522001085SGS00","11407","LANDSAT_7","ETM","L1T","0.00","9"
"309","145","052","LE71450522002008SGS00","11695","LANDSAT_7","ETM","L1T","9.00","9"
"310","145","052","LE71450522002264SGS00","11951","LANDSAT_7","ETM","L1T","9.00","9"
"311","145","052","LE71450522003027SGS00","12079","LANDSAT_7","ETM","L1T","2.00","9"
"312","145","052","LE71450522003299ASN01","12351","LANDSAT_7","ETM","L1T","1.00","9"
"313","145","052","LE71450522003315ASN01","12367","LANDSAT_7","ETM","L1T","0.00","9"
"314","145","052","LE71450522003363ASN01","12415","LANDSAT_7","ETM","L1T","2.00","9"
"315","145","052","LE71450522004014ASN01","12431","LANDSAT_7","ETM","L1T","0.00","9"
"316","145","052","LE71450522004078ASN01","12495","LANDSAT_7","ETM","L1T","0.00","9"
"317","145","052","LE71450522005064ASN00","12847","LANDSAT_7","ETM","L1T","0.00","9"
"318","145","052","LE71450522005112ASN00","12895","LANDSAT_7","ETM","L1T","4.00","9"
"319","145","052","LE71450522005320SGS00","13103","LANDSAT_7","ETM","L1T","5.00","9"
"320","145","052","LE71450522006003PFS01","13151","LANDSAT_7","ETM","L1T","7.00","9"
"321","145","052","LE71450522006035PFS00","13183","LANDSAT_7","ETM","L1T","0.00","9"
"322","145","052","LE71450522006163ASN00","13311","LANDSAT_7","ETM","L1T","6.00","9"
"323","145","052","LE71450522007006ASN00","13519","LANDSAT_7","ETM","L1T","2.00","9"
"324","145","052","LE71450522007038ASN00","13551","LANDSAT_7","ETM","L1T","0.00","9"
"325","145","052","LE71450522007326ASN00","13839","LANDSAT_7","ETM","L1T","8.00","9"
"326","145","052","LE71450522007342PFS00","13855","LANDSAT_7","ETM","L1T","0.00","9"
"327","145","052","LE71450522008009PFS00","13887","LANDSAT_7","ETM","L1T","0.00","9"
"328","145","052","LE71450522008057ASN00","13935","LANDSAT_7","ETM","L1T","6.00","9"
"329","145","052","LE71450522008313ASN00","14191","LANDSAT_7","ETM","L1T","7.00","9"
"330","145","052","LE71450522008361SGS00","14239","LANDSAT_7","ETM","L1T","0.00","9"
"331","145","052","LE71450522009075ASN00","14319","LANDSAT_7","ETM","L1T","2.00","9"
"332","145","052","LE71450522009091ASN00","14335","LANDSAT_7","ETM","L1T","1.00","9"
"333","145","052","LE71450522009299ASN00","14543","LANDSAT_7","ETM","L1T","9.00","9"
"334","145","052","LE71450522010030ASN00","14639","LANDSAT_7","ETM","L1T","2.00","9"
"335","145","052","LE71450522010062SGS00","14671","LANDSAT_7","ETM","L1T","0.00","9"
"336","145","052","LE71450522011017ASN00","14991","LANDSAT_7","ETM","L1T","5.00","9"
"337","145","052","LE71450522011049ASN00","15023","LANDSAT_7","ETM","L1T","7.00","9"
"338","145","052","LE71450522012004PFS00","15343","LANDSAT_7","ETM","L1T","3.00","9"
"339","145","052","LE71450522012052PFS00","15391","LANDSAT_7","ETM","L1T","0.00","9"
"340","145","052","LE71450522012084PFS00","15423","LANDSAT_7","ETM","L1T","4.00","9"
"341","145","052","LE71450522012292PFS00","15631","LANDSAT_7","ETM","L1T","3.00","9"
"342","145","052","LE71450522012324PFS01","15663","LANDSAT_7","ETM","L1T","5.00","9"
"343","146","047","LE71460471999295SGS00","10886","LANDSAT_7","ETM","L1T","0.00","9"
"344","146","047","LE71460471999343SGS00","10934","LANDSAT_7","ETM","L1T","1.00","9"
"345","146","047","LE71460472000074SGS00","11030","LANDSAT_7","ETM","L1T","0.00","9"
"346","146","047","LE71460472000298SGS00","11254","LANDSAT_7","ETM","L1T","0.00","9"
"347","146","047","LE71460472000330SGS00","11286","LANDSAT_7","ETM","L1T","0.00","9"
"348","146","047","LE71460472001092SGS00","11414","LANDSAT_7","ETM","L1T","0.00","9"
"349","146","047","LE71460472001124SGS00","11446","LANDSAT_7","ETM","L1T","0.00","9"
"350","146","047","LE71460472001300SGS00","11622","LANDSAT_7","ETM","L1T","0.00","9"
"351","146","047","LE71460472002015SGS00","11702","LANDSAT_7","ETM","L1T","0.00","9"
"352","146","047","LE71460472002063SGS00","11750","LANDSAT_7","ETM","L1T","0.00","9"
"353","146","047","LE71460472002159SGS01","11846","LANDSAT_7","ETM","L1T","0.00","9"
"354","146","047","LE71460472002319SGS00","12006","LANDSAT_7","ETM","L1T","0.00","9"
"355","146","047","LE71460472003002SGS00","12054","LANDSAT_7","ETM","L1T","0.00","9"
"356","146","047","LE71460472003050SGS01","12102","LANDSAT_7","ETM","L1T","10.00","9"
"357","146","047","LE71460472003082ASN00","12134","LANDSAT_7","ETM","L1T","0.00","9"
"358","146","047","LE71460472003130ASN00","12182","LANDSAT_7","ETM","L1T","0.00","9"
"359","146","047","LE71460472003290ASN01","12342","LANDSAT_7","ETM","L1T","0.00","9"
"360","146","047","LE71460472003338ASN01","12390","LANDSAT_7","ETM","L1T","0.00","9"
"361","146","047","LE71460472004005ASN01","12422","LANDSAT_7","ETM","L1T","0.00","9"
"362","146","047","LE71460472004053ASN01","12470","LANDSAT_7","ETM","L1T","0.00","9"
"363","146","047","LE71460472004085ASN01","12502","LANDSAT_7","ETM","L1T","0.00","9"
"364","146","047","LE71460472004101ASN01","12518","LANDSAT_7","ETM","L1T","0.00","9"
"365","146","047","LE71460472004133PFS01","12550","LANDSAT_7","ETM","L1T","1.00","9"
"366","146","047","LE71460472004293PFS01","12710","LANDSAT_7","ETM","L1T","0.00","9"
"367","146","047","LE71460472004309PFS00","12726","LANDSAT_7","ETM","L1T","0.00","9"
"368","146","047","LE71460472004341PFS00","12758","LANDSAT_7","ETM","L1T","0.00","9"
"369","146","047","LE71460472005007ASN00","12790","LANDSAT_7","ETM","L1T","0.00","9"
"370","146","047","LE71460472005039ASN00","12822","LANDSAT_7","ETM","L1T","0.00","9"
"371","146","047","LE71460472005071ASN01","12854","LANDSAT_7","ETM","L1T","0.00","9"
"372","146","047","LE71460472005119ASN00","12902","LANDSAT_7","ETM","L1T","6.00","9"
"373","146","047","LE71460472005135ASN00","12918","LANDSAT_7","ETM","L1T","0.00","9"
"374","146","047","LE71460472005279PFS00","13062","LANDSAT_7","ETM","L1T","0.00","9"
"375","146","047","LE71460472005311PFS01","13094","LANDSAT_7","ETM","L1T","4.00","9"
"376","146","047","LE71460472005343PFS00","13126","LANDSAT_7","ETM","L1T","0.00","9"
"377","146","047","LE71460472006010PFS00","13158","LANDSAT_7","ETM","L1T","0.00","9"
"378","146","047","LE71460472006042PFS00","13190","LANDSAT_7","ETM","L1T","0.00","9"
"379","146","047","LE71460472006074PFS00","13222","LANDSAT_7","ETM","L1T","7.00","9"
"380","146","047","LE71460472006106ASN00","13254","LANDSAT_7","ETM","L1T","4.00","9"
"381","146","047","LE71460472006122PFS00","13270","LANDSAT_7","ETM","L1T","0.00","9"
"382","146","047","LE71460472006298PFS00","13446","LANDSAT_7","ETM","L1T","3.00","9"
"383","146","047","LE71460472006314PFS00","13462","LANDSAT_7","ETM","L1T","0.00","9"
"384","146","047","LE71460472006362ASN00","13510","LANDSAT_7","ETM","L1T","0.00","9"
"385","146","047","LE71460472007013ASN00","13526","LANDSAT_7","ETM","L1T","0.00","9"
"386","146","047","LE71460472007045SGS00","13558","LANDSAT_7","ETM","L1T","0.00","9"
"387","146","047","LE71460472007077ASN00","13590","LANDSAT_7","ETM","L1T","0.00","9"
"388","146","047","LE71460472007093ASN00","13606","LANDSAT_7","ETM","L1T","0.00","9"
"389","146","047","LE71460472007125ASN00","13638","LANDSAT_7","ETM","L1T","6.00","9"
"390","146","047","LE71460472007301PFS00","13814","LANDSAT_7","ETM","L1T","1.00","9"
"391","146","047","LE71460472007317PFS00","13830","LANDSAT_7","ETM","L1T","0.00","9"
"392","146","047","LE71460472007349PFS00","13862","LANDSAT_7","ETM","L1T","0.00","9"
"393","146","047","LE71460472008016ASN00","13894","LANDSAT_7","ETM","L1T","0.00","9"
"394","146","047","LE71460472008032ASN00","13910","LANDSAT_7","ETM","L1T","0.00","9"
"395","146","047","LE71460472008064SGS00","13942","LANDSAT_7","ETM","L1T","0.00","9"
"396","146","047","LE71460472008096SGS00","13974","LANDSAT_7","ETM","L1T","0.00","9"
"397","146","047","LE71460472008128ASN00","14006","LANDSAT_7","ETM","L1T","0.00","9"
"398","146","047","LE71460472008288PFS01","14166","LANDSAT_7","ETM","L1T","0.00","9"
"399","146","047","LE71460472009002SGS00","14246","LANDSAT_7","ETM","L1T","0.00","9"
"400","146","047","LE71460472009034SGS00","14278","LANDSAT_7","ETM","L1T","0.00","9"
"401","146","047","LE71460472009066SGS00","14310","LANDSAT_7","ETM","L1T","0.00","9"
"402","146","047","LE71460472009306SGS00","14550","LANDSAT_7","ETM","L1T","0.00","9"
"403","146","047","LE71460472010005SGS00","14614","LANDSAT_7","ETM","L1T","4.00","9"
"404","146","047","LE71460472010037SGS00","14646","LANDSAT_7","ETM","L1T","0.00","9"
"405","146","047","LE71460472010357ASN00","14966","LANDSAT_7","ETM","L1T","0.00","9"
"406","146","047","LE71460472011296PFS00","15270","LANDSAT_7","ETM","L1T","0.00","9"
"407","146","047","LE71460472011328PFS00","15302","LANDSAT_7","ETM","L1T","0.00","9"
"408","146","047","LE71460472011344PFS00","15318","LANDSAT_7","ETM","L1T","0.00","9"
"409","146","047","LE71460472012011PFS00","15350","LANDSAT_7","ETM","L1T","0.00","9"
"410","146","047","LE71460472012043PFS00","15382","LANDSAT_7","ETM","L1T","0.00","9"
"411","146","047","LE71460472012075PFS00","15414","LANDSAT_7","ETM","L1T","0.00","9"
"412","146","047","LE71460472012107PFS00","15446","LANDSAT_7","ETM","L1T","0.00","9"
"413","146","047","LE71460472012123PFS00","15462","LANDSAT_7","ETM","L1T","0.00","9"
"414","146","047","LE71460472012155PFS00","15494","LANDSAT_7","ETM","L1T","0.00","9"
"415","146","047","LE71460472012283PFS01","15622","LANDSAT_7","ETM","L1T","5.00","9"
"416","146","047","LE71460472012331PFS00","15670","LANDSAT_7","ETM","L1T","2.00","9"
"417","146","047","LE71460472012347PFS00","15686","LANDSAT_7","ETM","L1T","0.00","9"
"418","146","047","LE71460472013013PFS00","15718","LANDSAT_7","ETM","L1T","0.00","9"
"419","146","047","LE71460472013045PFS00","15750","LANDSAT_7","ETM","L1T","0.00","9"
"420","146","047","LE71460472013077PFS00","15782","LANDSAT_7","ETM","L1T","0.00","9"
"421","146","047","LE71460472013093PFS01","15798","LANDSAT_7","ETM","L1T","0.00","9"
"422","146","047","LE71460472013125PFS00","15830","LANDSAT_7","ETM","L1T","0.00","9"
"423","146","047","LE71460472013301SG100","16006","LANDSAT_7","ETM","L1T","8.00","9"
"424","146","047","LE71460472014032SG100","16102","LANDSAT_7","ETM","L1T","0.00","9"
"425","146","049","LE71460492000074SGS00","11030","LANDSAT_7","ETM","L1T","0.00","9"
"426","146","049","LE71460492000330SGS00","11286","LANDSAT_7","ETM","L1T","0.00","9"
"427","146","049","LE71460492001092SGS00","11414","LANDSAT_7","ETM","L1T","0.00","9"
"428","146","049","LE71460492001124SGS00","11446","LANDSAT_7","ETM","L1T","1.00","9"
"429","146","049","LE71460492001300SGS00","11622","LANDSAT_7","ETM","L1T","2.00","9"
"430","146","049","LE71460492002015SGS00","11702","LANDSAT_7","ETM","L1T","1.00","9"
"431","146","049","LE71460492002079SGS00","11766","LANDSAT_7","ETM","L1T","0.00","9"
"432","146","049","LE71460492002319SGS00","12006","LANDSAT_7","ETM","L1T","5.00","9"
"433","146","049","LE71460492003002SGS00","12054","LANDSAT_7","ETM","L1T","0.00","9"
"434","146","049","LE71460492003050SGS00","12102","LANDSAT_7","ETM","L1T","0.00","9"
"435","146","049","LE71460492003082ASN00","12134","LANDSAT_7","ETM","L1T","0.00","9"
"436","146","049","LE71460492003130ASN00","12182","LANDSAT_7","ETM","L1T","5.00","9"
"437","146","049","LE71460492003290ASN01","12342","LANDSAT_7","ETM","L1T","0.00","9"
"438","146","049","LE71460492003322ASN01","12374","LANDSAT_7","ETM","L1T","0.00","9"
"439","146","049","LE71460492003338ASN01","12390","LANDSAT_7","ETM","L1T","0.00","9"
"440","146","049","LE71460492004053ASN01","12470","LANDSAT_7","ETM","L1T","0.00","9"
"441","146","049","LE71460492004085ASN02","12502","LANDSAT_7","ETM","L1T","0.00","9"
"442","146","049","LE71460492004101ASN01","12518","LANDSAT_7","ETM","L1T","0.00","9"
"443","146","049","LE71460492004325PFS00","12742","LANDSAT_7","ETM","L1T","0.00","9"
"444","146","049","LE71460492004341ASN00","12758","LANDSAT_7","ETM","L1T","0.00","9"
"445","146","049","LE71460492005007ASN00","12790","LANDSAT_7","ETM","L1T","0.00","9"
"446","146","049","LE71460492005039ASN00","12822","LANDSAT_7","ETM","L1T","0.00","9"
"447","146","049","LE71460492005071ASN01","12854","LANDSAT_7","ETM","L1T","0.00","9"
"448","146","049","LE71460492005119ASN00","12902","LANDSAT_7","ETM","L1T","1.00","9"
"449","146","049","LE71460492005135ASN00","12918","LANDSAT_7","ETM","L1T","0.00","9"
"450","146","049","LE71460492005279PFS00","13062","LANDSAT_7","ETM","L1T","4.00","9"
"451","146","049","LE71460492005343PFS00","13126","LANDSAT_7","ETM","L1T","0.00","9"
"452","146","049","LE71460492006010PFS00","13158","LANDSAT_7","ETM","L1T","0.00","9"
"453","146","049","LE71460492006042PFS00","13190","LANDSAT_7","ETM","L1T","0.00","9"
"454","146","049","LE71460492006074PFS00","13222","LANDSAT_7","ETM","L1T","1.00","9"
"455","146","049","LE71460492006122PFS00","13270","LANDSAT_7","ETM","L1T","3.00","9"
"456","146","049","LE71460492006298PFS00","13446","LANDSAT_7","ETM","L1T","4.00","9"
"457","146","049","LE71460492006362ASN00","13510","LANDSAT_7","ETM","L1T","0.00","9"
"458","146","049","LE71460492007013ASN00","13526","LANDSAT_7","ETM","L1T","0.00","9"
"459","146","049","LE71460492007045SGS00","13558","LANDSAT_7","ETM","L1T","0.00","9"
"460","146","049","LE71460492007061ASN00","13574","LANDSAT_7","ETM","L1T","0.00","9"
"461","146","049","LE71460492007093ASN00","13606","LANDSAT_7","ETM","L1T","1.00","9"
"462","146","049","LE71460492007317PFS00","13830","LANDSAT_7","ETM","L1T","0.00","9"
"463","146","049","LE71460492007365ASN01","13878","LANDSAT_7","ETM","L1T","0.00","9"
"464","146","049","LE71460492008016ASN00","13894","LANDSAT_7","ETM","L1T","0.00","9"
"465","146","049","LE71460492008032ASN00","13910","LANDSAT_7","ETM","L1T","0.00","9"
"466","146","049","LE71460492008064SGS00","13942","LANDSAT_7","ETM","L1T","0.00","9"
"467","146","049","LE71460492008096SGS00","13974","LANDSAT_7","ETM","L1T","0.00","9"
"468","146","049","LE71460492008128ASN00","14006","LANDSAT_7","ETM","L1T","0.00","9"
"469","146","049","LE71460492008288PFS00","14166","LANDSAT_7","ETM","L1T","0.00","9"
"470","146","049","LE71460492008352SGS05","14230","LANDSAT_7","ETM","L1T","0.00","9"
"471","146","049","LE71460492009002SGS00","14246","LANDSAT_7","ETM","L1T","0.00","9"
"472","146","049","LE71460492009034SGS00","14278","LANDSAT_7","ETM","L1T","0.00","9"
"473","146","049","LE71460492009066SGS00","14310","LANDSAT_7","ETM","L1T","0.00","9"
"474","146","049","LE71460492009306SGS00","14550","LANDSAT_7","ETM","L1T","0.00","9"
"475","146","049","LE71460492009354SGS01","14598","LANDSAT_7","ETM","L1T","0.00","9"
"476","146","049","LE71460492010005SGS00","14614","LANDSAT_7","ETM","L1T","0.00","9"
"477","146","049","LE71460492010037ASN00","14646","LANDSAT_7","ETM","L1T","0.00","9"
"478","146","049","LE71460492010085ASN00","14694","LANDSAT_7","ETM","L1T","0.00","9"
"479","146","049","LE71460492010117ASN00","14726","LANDSAT_7","ETM","L1T","1.00","9"
"480","146","049","LE71460492010149ASN00","14758","LANDSAT_7","ETM","L1T","6.00","9"
"481","146","049","LE71460492011024ASN00","14998","LANDSAT_7","ETM","L1T","0.00","9"
"482","146","049","LE71460492011280PFS00","15254","LANDSAT_7","ETM","L1T","7.00","9"
"483","146","049","LE71460492011312PFS00","15286","LANDSAT_7","ETM","L1T","0.00","9"
"484","146","049","LE71460492011344PFS00","15318","LANDSAT_7","ETM","L1T","0.00","9"
"485","146","049","LE71460492012027PFS00","15366","LANDSAT_7","ETM","L1T","0.00","9"
"486","146","049","LE71460492012043PFS00","15382","LANDSAT_7","ETM","L1T","0.00","9"
"487","146","049","LE71460492012075PFS00","15414","LANDSAT_7","ETM","L1T","4.00","9"
"488","146","049","LE71460492012107PFS00","15446","LANDSAT_7","ETM","L1T","9.00","9"
"489","146","049","LE71460492012139PFS00","15478","LANDSAT_7","ETM","L1T","1.00","9"
"490","146","049","LE71460492012299PFS00","15638","LANDSAT_7","ETM","L1T","10.00","9"
"491","146","049","LE71460492012347PFS00","15686","LANDSAT_7","ETM","L1T","0.00","9"
"492","146","049","LE71460492013013PFS00","15718","LANDSAT_7","ETM","L1T","0.00","9"
"493","146","049","LE71460492013093PFS01","15798","LANDSAT_7","ETM","L1T","0.00","8"
"494","146","049","LE71460492013125PFS00","15830","LANDSAT_7","ETM","L1T","0.00","9"
"495","146","049","LE71460492014032SG100","16102","LANDSAT_7","ETM","L1T","0.00","9"
"496","146","050","LE71460501999311SGS00","10902","LANDSAT_7","ETM","L1T","3.00","9"
"497","146","050","LE71460502000074SGS00","11030","LANDSAT_7","ETM","L1T","0.00","9"
"498","146","050","LE71460502001092SGS00","11414","LANDSAT_7","ETM","L1T","0.00","9"
"499","146","050","LE71460502001124SGS00","11446","LANDSAT_7","ETM","L1T","7.00","9"
"500","146","050","LE71460502003002SGS00","12054","LANDSAT_7","ETM","L1T","6.00","9"
"501","146","050","LE71460502003050SGS00","12102","LANDSAT_7","ETM","L1T","3.00","9"
"502","146","050","LE71460502003082ASN00","12134","LANDSAT_7","ETM","L1T","0.00","9"
"503","146","050","LE71460502009034SGS00","14278","LANDSAT_7","ETM","L1T","0.00","9"
"504","146","050","LE71460502009290ASN00","14534","LANDSAT_7","ETM","L1T","0.00","9"
"505","146","050","LE71460502010085ASN00","14694","LANDSAT_7","ETM","L1T","1.00","9"
"506","147","046","LE71470461999302EDC00","10893","LANDSAT_7","ETM","L1T","8.00","9"
"507","147","046","LE71470461999350EDC00","10941","LANDSAT_7","ETM","L1T","0.00","9"
"508","147","046","LE71470462000033SGS00","10989","LANDSAT_7","ETM","L1T","1.00","9"
"509","147","046","LE71470462000065SGS00","11021","LANDSAT_7","ETM","L1T","0.00","9"
"510","147","046","LE71470462000145SGS00","11101","LANDSAT_7","ETM","L1T","9.00","9"
"511","147","046","LE71470462000289SGS01","11245","LANDSAT_7","ETM","L1T","3.00","9"
"512","147","046","LE71470462000337SGS00","11293","LANDSAT_7","ETM","L1T","0.00","9"
"513","147","046","LE71470462001019SGS00","11341","LANDSAT_7","ETM","L1T","3.00","9"
"514","147","046","LE71470462001051SGS00","11373","LANDSAT_7","ETM","L1T","0.00","9"
"515","147","046","LE71470462001115SGS00","11437","LANDSAT_7","ETM","L1T","0.00","9"
"516","147","046","LE71470462001131SGS00","11453","LANDSAT_7","ETM","L1T","0.00","9"
"517","147","046","LE71470462001291SGS00","11613","LANDSAT_7","ETM","L1T","8.00","9"
"518","147","046","LE71470462001355SGS00","11677","LANDSAT_7","ETM","L1T","2.00","9"
"519","147","046","LE71470462002086SGS00","11773","LANDSAT_7","ETM","L1T","0.00","9"
"520","147","046","LE71470462002278SGS00","11965","LANDSAT_7","ETM","L1T","0.00","9"
"521","147","046","LE71470462002326SGS00","12013","LANDSAT_7","ETM","L1T","0.00","9"
"522","147","046","LE71470462002358SGS00","12045","LANDSAT_7","ETM","L1T","0.00","9"
"523","147","046","LE71470462003041SGS00","12093","LANDSAT_7","ETM","L1T","0.00","9"
"524","147","046","LE71470462003089SGS00","12141","LANDSAT_7","ETM","L1T","0.00","9"
"525","147","046","LE71470462003137ASN00","12189","LANDSAT_7","ETM","L1T","0.00","9"
"526","147","046","LE71470462003297ASN01","12349","LANDSAT_7","ETM","L1T","0.00","9"
"527","147","046","LE71470462003329ASN01","12381","LANDSAT_7","ETM","L1T","0.00","9"
"528","147","046","LE71470462004012ASN01","12429","LANDSAT_7","ETM","L1T","0.00","9"
"529","147","046","LE71470462004076ASN02","12493","LANDSAT_7","ETM","L1T","0.00","9"
"530","147","046","LE71470462004108ASN01","12525","LANDSAT_7","ETM","L1T","1.00","9"
"531","147","046","LE71470462004300PFS00","12717","LANDSAT_7","ETM","L1T","0.00","9"
"532","147","046","LE71470462004316PFS00","12733","LANDSAT_7","ETM","L1T","2.00","9"
"533","147","046","LE71470462004332PFS00","12749","LANDSAT_7","ETM","L1T","0.00","9"
"534","147","046","LE71470462004348PFS00","12765","LANDSAT_7","ETM","L1T","0.00","9"
"535","147","046","LE71470462005046ASN00","12829","LANDSAT_7","ETM","L1T","0.00","9"
"536","147","046","LE71470462005078ASN00","12861","LANDSAT_7","ETM","L1T","0.00","9"
"537","147","046","LE71470462005094PFS00","12877","LANDSAT_7","ETM","L1T","0.00","9"
"538","147","046","LE71470462005126ASN00","12909","LANDSAT_7","ETM","L1T","0.00","9"
"539","147","046","LE71470462005142ASN00","12925","LANDSAT_7","ETM","L1T","0.00","9"
"540","147","046","LE71470462005158ASN00","12941","LANDSAT_7","ETM","L1T","5.00","9"
"541","147","046","LE71470462005286PFS00","13069","LANDSAT_7","ETM","L1T","2.00","9"
"542","147","046","LE71470462005318ASN00","13101","LANDSAT_7","ETM","L1T","0.00","9"
"543","147","046","LE71470462006001PFS00","13149","LANDSAT_7","ETM","L1T","0.00","9"
"544","147","046","LE71470462006017PFS00","13165","LANDSAT_7","ETM","L1T","0.00","9"
"545","147","046","LE71470462006065PFS00","13213","LANDSAT_7","ETM","L1T","0.00","9"
"546","147","046","LE71470462006081PFS00","13229","LANDSAT_7","ETM","L1T","0.00","9"
"547","147","046","LE71470462006097ASN00","13245","LANDSAT_7","ETM","L1T","0.00","9"
"548","147","046","LE71470462006129PFS00","13277","LANDSAT_7","ETM","L1T","2.00","9"
"549","147","046","LE71470462006289PFS00","13437","LANDSAT_7","ETM","L1T","0.00","9"
"550","147","046","LE71470462006321PFS00","13469","LANDSAT_7","ETM","L1T","0.00","9"
"551","147","046","LE71470462006353SGS00","13501","LANDSAT_7","ETM","L1T","0.00","9"
"552","147","046","LE71470462007004SGS00","13517","LANDSAT_7","ETM","L1T","0.00","9"
"553","147","046","LE71470462007020SGS00","13533","LANDSAT_7","ETM","L1T","0.00","9"
"554","147","046","LE71470462007036SGS00","13549","LANDSAT_7","ETM","L1T","0.00","9"
"555","147","046","LE71470462007052SGS00","13565","LANDSAT_7","ETM","L1T","0.00","9"
"556","147","046","LE71470462007068SGS00","13581","LANDSAT_7","ETM","L1T","0.00","9"
"557","147","046","LE71470462007084ASN00","13597","LANDSAT_7","ETM","L1T","0.00","9"
"558","147","046","LE71470462007100ASN00","13613","LANDSAT_7","ETM","L1T","0.00","9"
"559","147","046","LE71470462007116SGS00","13629","LANDSAT_7","ETM","L1T","0.00","9"
"560","147","046","LE71470462007132ASN00","13645","LANDSAT_7","ETM","L1T","0.00","9"
"561","147","046","LE71470462007292PFS00","13805","LANDSAT_7","ETM","L1T","0.00","9"
"562","147","046","LE71470462007308PFS00","13821","LANDSAT_7","ETM","L1T","9.00","9"
"563","147","046","LE71470462007356SGS00","13869","LANDSAT_7","ETM","L1T","0.00","9"
"564","147","046","LE71470462008023ASN00","13901","LANDSAT_7","ETM","L1T","0.00","9"
"565","147","046","LE71470462008039SGS00","13917","LANDSAT_7","ETM","L1T","0.00","9"
"566","147","046","LE71470462008055SGS01","13933","LANDSAT_7","ETM","L1T","0.00","9"
"567","147","046","LE71470462008087SGS00","13965","LANDSAT_7","ETM","L1T","7.00","9"
"568","147","046","LE71470462008103SGS00","13981","LANDSAT_7","ETM","L1T","0.00","9"
"569","147","046","LE71470462008135ASN00","14013","LANDSAT_7","ETM","L1T","0.00","9"
"570","147","046","LE71470462008151ASN00","14029","LANDSAT_7","ETM","L1T","3.00","9"
"571","147","046","LE71470462008295PFS00","14173","LANDSAT_7","ETM","L1T","0.00","9"
"572","147","046","LE71470462008311SGS00","14189","LANDSAT_7","ETM","L1T","0.00","9"
"573","147","046","LE71470462008327EDC02","14205","LANDSAT_7","ETM","L1T","5.00","9"
"574","147","046","LE71470462008343SGS00","14221","LANDSAT_7","ETM","L1T","0.00","9"
"575","147","046","LE71470462009041SGS00","14285","LANDSAT_7","ETM","L1T","0.00","9"
"576","147","046","LE71470462009105SGS00","14349","LANDSAT_7","ETM","L1T","0.00","9"
"577","147","046","LE71470462009121PFS00","14365","LANDSAT_7","ETM","L1T","0.00","9"
"578","147","046","LE71470462009297SGS00","14541","LANDSAT_7","ETM","L1T","0.00","9"
"579","147","046","LE71470462009329SGS00","14573","LANDSAT_7","ETM","L1T","0.00","9"
"580","147","046","LE71470462010060SGS00","14669","LANDSAT_7","ETM","L1T","0.00","9"
"581","147","046","LE71470462010092PFS00","14701","LANDSAT_7","ETM","L1T","0.00","9"
"582","147","046","LE71470462010108ASN00","14717","LANDSAT_7","ETM","L1T","1.00","9"
"583","147","046","LE71470462010300SGS00","14909","LANDSAT_7","ETM","L1T","0.00","9"
"584","147","046","LE71470462010348ASN00","14957","LANDSAT_7","ETM","L1T","0.00","9"
"585","147","046","LE71470462011031ASN00","15005","LANDSAT_7","ETM","L1T","0.00","9"
"586","147","046","LE71470462011063ASN00","15037","LANDSAT_7","ETM","L1T","0.00","9"
"587","147","046","LE71470462011079ASN00","15053","LANDSAT_7","ETM","L1T","0.00","9"
"588","147","046","LE71470462011095ASN00","15069","LANDSAT_7","ETM","L1T","0.00","9"
"589","147","046","LE71470462011127ASN00","15101","LANDSAT_7","ETM","L1T","4.00","9"
"590","147","046","LE71470462011143ASN00","15117","LANDSAT_7","ETM","L1T","7.00","9"
"591","147","046","LE71470462011287ASN00","15261","LANDSAT_7","ETM","L1T","0.00","9"
"592","147","046","LE71470462011319PFS00","15293","LANDSAT_7","ETM","L1T","0.00","9"
"593","147","046","LE71470462011335PFS00","15309","LANDSAT_7","ETM","L1T","0.00","9"
"594","147","046","LE71470462012002PFS00","15341","LANDSAT_7","ETM","L1T","0.00","9"
"595","147","046","LE71470462012050PFS00","15389","LANDSAT_7","ETM","L1T","0.00","9"
"596","147","046","LE71470462012066PFS00","15405","LANDSAT_7","ETM","L1T","0.00","9"
"597","147","046","LE71470462012082PFS00","15421","LANDSAT_7","ETM","L1T","0.00","9"
"598","147","046","LE71470462012098PFS00","15437","LANDSAT_7","ETM","L1T","0.00","9"
"599","147","046","LE71470462012114PFS00","15453","LANDSAT_7","ETM","L1T","0.00","9"
"600","147","046","LE71470462012130PFS00","15469","LANDSAT_7","ETM","L1T","0.00","9"
"601","147","046","LE71470462012290PFS00","15629","LANDSAT_7","ETM","L1T","3.00","9"
"602","147","046","LE71470462012322PFS00","15661","LANDSAT_7","ETM","L1T","0.00","9"
"603","147","046","LE71470462012338PFS00","15677","LANDSAT_7","ETM","L1T","0.00","9"
"604","147","046","LE71470462013020PFS00","15725","LANDSAT_7","ETM","L1T","0.00","9"
"605","147","046","LE71470462013052PFS00","15757","LANDSAT_7","ETM","L1T","0.00","9"
"606","147","046","LE71470462013068PFS00","15773","LANDSAT_7","ETM","L1T","0.00","9"
"607","147","046","LE71470462013100PFS00","15805","LANDSAT_7","ETM","L1T","0.00","9"
"608","147","046","LE71470462013308SG100","16013","LANDSAT_7","ETM","L1T","1.00","9"
"609","147","046","LE71470462013340SG100","16045","LANDSAT_7","ETM","L1T","0.00","9"
"610","147","046","LE71470462014007SG100","16077","LANDSAT_7","ETM","L1T","0.00","9"
"611","147","046","LE71470462014039SG100","16109","LANDSAT_7","ETM","L1T","0.00","9"
"612","147","047","LE71470471999302EDC00","10893","LANDSAT_7","ETM","L1T","4.00","9"
"613","147","047","LE71470471999318SGS00","10909","LANDSAT_7","ETM","L1T","0.00","9"
"614","147","047","LE71470472000033SGS00","10989","LANDSAT_7","ETM","L1T","5.00","9"
"615","147","047","LE71470472000289SGS00","11245","LANDSAT_7","ETM","L1T","6.00","9"
"616","147","047","LE71470472000337SGS00","11293","LANDSAT_7","ETM","L1T","1.00","9"
"617","147","047","LE71470472001019SGS00","11341","LANDSAT_7","ETM","L1T","0.00","9"
"618","147","047","LE71470472001083SGS00","11405","LANDSAT_7","ETM","L1T","0.00","9"
"619","147","047","LE71470472001115SGS00","11437","LANDSAT_7","ETM","L1T","0.00","9"
"620","147","047","LE71470472001131SGS00","11453","LANDSAT_7","ETM","L1T","0.00","9"
"621","147","047","LE71470472001307SGS01","11629","LANDSAT_7","ETM","L1T","0.00","9"
"622","147","047","LE71470472002086SGS00","11773","LANDSAT_7","ETM","L1T","0.00","9"
"623","147","047","LE71470472002150SGS00","11837","LANDSAT_7","ETM","L1T","10.00","9"
"624","147","047","LE71470472002278SGS00","11965","LANDSAT_7","ETM","L1T","0.00","9"
"625","147","047","LE71470472002310SGS00","11997","LANDSAT_7","ETM","L1T","0.00","9"
"626","147","047","LE71470472002358SGS00","12045","LANDSAT_7","ETM","L1T","0.00","9"
"627","147","047","LE71470472003041SGS00","12093","LANDSAT_7","ETM","L1T","0.00","9"
"628","147","047","LE71470472003089SGS00","12141","LANDSAT_7","ETM","L1T","0.00","9"
"629","147","047","LE71470472003297ASN01","12349","LANDSAT_7","ETM","L1T","0.00","9"
"630","147","047","LE71470472003329ASN01","12381","LANDSAT_7","ETM","L1T","0.00","9"
"631","147","047","LE71470472004012ASN01","12429","LANDSAT_7","ETM","L1T","0.00","9"
"632","147","047","LE71470472004076ASN02","12493","LANDSAT_7","ETM","L1T","0.00","9"
"633","147","047","LE71470472004108ASN01","12525","LANDSAT_7","ETM","L1T","0.00","9"
"634","147","047","LE71470472004300PFS00","12717","LANDSAT_7","ETM","L1T","0.00","9"
"635","147","047","LE71470472004316PFS00","12733","LANDSAT_7","ETM","L1T","9.00","9"
"636","147","047","LE71470472004348PFS00","12765","LANDSAT_7","ETM","L1T","0.00","9"
"637","147","047","LE71470472005014ASN00","12797","LANDSAT_7","ETM","L1T","1.00","9"
"638","147","047","LE71470472005062PFS00","12845","LANDSAT_7","ETM","L1T","0.00","9"
"639","147","047","LE71470472005094PFS00","12877","LANDSAT_7","ETM","L1T","0.00","9"
"640","147","047","LE71470472005318ASN00","13101","LANDSAT_7","ETM","L1T","0.00","9"
"641","147","047","LE71470472006001PFS01","13149","LANDSAT_7","ETM","L1T","7.00","9"
"642","147","047","LE71470472006049PFS00","13197","LANDSAT_7","ETM","L1T","5.00","9"
"643","147","047","LE71470472006065PFS00","13213","LANDSAT_7","ETM","L1T","0.00","9"
"644","147","047","LE71470472006097ASN00","13245","LANDSAT_7","ETM","L1T","0.00","9"
"645","147","047","LE71470472006289PFS00","13437","LANDSAT_7","ETM","L1T","0.00","9"
"646","147","047","LE71470472006321PFS00","13469","LANDSAT_7","ETM","L1T","0.00","9"
"647","147","047","LE71470472006353SGS00","13501","LANDSAT_7","ETM","L1T","0.00","9"
"648","147","047","LE71470472007004SGS00","13517","LANDSAT_7","ETM","L1T","0.00","9"
"649","147","047","LE71470472007036SGS00","13549","LANDSAT_7","ETM","L1T","0.00","9"
"650","147","047","LE71470472007068ASN00","13581","LANDSAT_7","ETM","L1T","0.00","9"
"651","147","047","LE71470472007100ASN00","13613","LANDSAT_7","ETM","L1T","0.00","9"
"652","147","047","LE71470472007132ASN00","13645","LANDSAT_7","ETM","L1T","1.00","9"
"653","147","047","LE71470472007292PFS00","13805","LANDSAT_7","ETM","L1T","1.00","9"
"654","147","047","LE71470472007308PFS00","13821","LANDSAT_7","ETM","L1T","8.00","9"
"655","147","047","LE71470472007356SGS00","13869","LANDSAT_7","ETM","L1T","1.00","9"
"656","147","047","LE71470472008023ASN00","13901","LANDSAT_7","ETM","L1T","0.00","9"
"657","147","047","LE71470472008039SGS00","13917","LANDSAT_7","ETM","L1T","0.00","9"
"658","147","047","LE71470472008087SGS00","13965","LANDSAT_7","ETM","L1T","5.00","9"
"659","147","047","LE71470472008103SGS00","13981","LANDSAT_7","ETM","L1T","0.00","9"
"660","147","047","LE71470472008135ASN00","14013","LANDSAT_7","ETM","L1T","2.00","9"
"661","147","047","LE71470472008279PFS00","14157","LANDSAT_7","ETM","L1T","8.00","9"
"662","147","047","LE71470472008311SGS00","14189","LANDSAT_7","ETM","L1T","0.00","9"
"663","147","047","LE71470472008343SGS00","14221","LANDSAT_7","ETM","L1T","0.00","9"
"664","147","047","LE71470472009105ASN00","14349","LANDSAT_7","ETM","L1T","0.00","9"
"665","147","047","LE71470472009121PFS00","14365","LANDSAT_7","ETM","L1T","0.00","9"
"666","147","047","LE71470472009297SGS00","14541","LANDSAT_7","ETM","L1T","0.00","9"
"667","147","047","LE71470472010060SGS00","14669","LANDSAT_7","ETM","L1T","3.00","9"
"668","147","047","LE71470472010092PFS00","14701","LANDSAT_7","ETM","L1T","0.00","9"
"669","147","047","LE71470472010300ASN00","14909","LANDSAT_7","ETM","L1T","0.00","9"
"670","147","047","LE71470472010348ASN00","14957","LANDSAT_7","ETM","L1T","0.00","9"
"671","147","047","LE71470472011063ASN00","15037","LANDSAT_7","ETM","L1T","0.00","9"
"672","147","047","LE71470472011095ASN00","15069","LANDSAT_7","ETM","L1T","0.00","9"
"673","147","047","LE71470472011127ASN00","15101","LANDSAT_7","ETM","L1T","5.00","9"
"674","147","047","LE71470472011319PFS00","15293","LANDSAT_7","ETM","L1T","0.00","9"
"675","147","047","LE71470472011335PFS00","15309","LANDSAT_7","ETM","L1T","0.00","9"
"676","147","047","LE71470472012002PFS00","15341","LANDSAT_7","ETM","L1T","0.00","9"
"677","147","047","LE71470472012050PFS00","15389","LANDSAT_7","ETM","L1T","0.00","9"
"678","147","047","LE71470472012066PFS00","15405","LANDSAT_7","ETM","L1T","0.00","9"
"679","147","047","LE71470472012098PFS00","15437","LANDSAT_7","ETM","L1T","0.00","9"
"680","147","047","LE71470472012130PFS00","15469","LANDSAT_7","ETM","L1T","0.00","9"
"681","147","047","LE71470472012290PFS00","15629","LANDSAT_7","ETM","L1T","4.00","9"
"682","147","047","LE71470472012322PFS00","15661","LANDSAT_7","ETM","L1T","0.00","9"
"683","147","047","LE71470472012338PFS00","15677","LANDSAT_7","ETM","L1T","0.00","9"
"684","147","047","LE71470472013020PFS00","15725","LANDSAT_7","ETM","L1T","0.00","9"
"685","147","047","LE71470472013036PFS00","15741","LANDSAT_7","ETM","L1T","5.00","9"
"686","147","047","LE71470472013068PFS00","15773","LANDSAT_7","ETM","L1T","0.00","9"
"687","147","047","LE71470472013100PFS00","15805","LANDSAT_7","ETM","L1T","0.00","9"
"688","147","047","LE71470472013292SG100","15997","LANDSAT_7","ETM","L1T","0.00","9"
"689","147","047","LE71470472013340SG100","16045","LANDSAT_7","ETM","L1T","0.00","9"
"690","147","047","LE71470472014007SG100","16077","LANDSAT_7","ETM","L1T","0.00","9"
"691","147","047","LE71470472014055SG100","16125","LANDSAT_7","ETM","L1T","0.00","9"
"692","147","048","LE71470481999302EDC00","10893","LANDSAT_7","ETM","L1T","5.00","9"
"693","147","048","LE71470481999318SGS00","10909","LANDSAT_7","ETM","L1T","0.00","9"
"694","147","048","LE71470482000129SGS00","11085","LANDSAT_7","ETM","L1T","6.00","9"
"695","147","048","LE71470482000289SGS00","11245","LANDSAT_7","ETM","L1T","1.00","9"
"696","147","048","LE71470482001019SGS00","11341","LANDSAT_7","ETM","L1T","0.00","9"
"697","147","048","LE71470482001083SGS00","11405","LANDSAT_7","ETM","L1T","0.00","9"
"698","147","048","LE71470482001131SGS01","11453","LANDSAT_7","ETM","L1T","0.00","9"
"699","147","048","LE71470482001307SGS01","11629","LANDSAT_7","ETM","L1T","0.00","9"
"700","147","048","LE71470482002006SGS00","11693","LANDSAT_7","ETM","L1T","0.00","9"
"701","147","048","LE71470482002086SGS00","11773","LANDSAT_7","ETM","L1T","0.00","9"
"702","147","048","LE71470482002262SGS00","11949","LANDSAT_7","ETM","L1T","6.00","9"
"703","147","048","LE71470482002310SGS00","11997","LANDSAT_7","ETM","L1T","0.00","9"
"704","147","048","LE71470482002358SGS00","12045","LANDSAT_7","ETM","L1T","0.00","9"
"705","147","048","LE71470482003025SGS00","12077","LANDSAT_7","ETM","L1T","0.00","9"
"706","147","048","LE71470482003057SGS00","12109","LANDSAT_7","ETM","L1T","0.00","9"
"707","147","048","LE71470482003089SGS00","12141","LANDSAT_7","ETM","L1T","0.00","9"
"708","147","048","LE71470482003297ASN01","12349","LANDSAT_7","ETM","L1T","0.00","9"
"709","147","048","LE71470482003329ASN01","12381","LANDSAT_7","ETM","L1T","0.00","9"
"710","147","048","LE71470482004012ASN01","12429","LANDSAT_7","ETM","L1T","0.00","9"
"711","147","048","LE71470482004076ASN02","12493","LANDSAT_7","ETM","L1T","0.00","9"
"712","147","048","LE71470482004108ASN01","12525","LANDSAT_7","ETM","L1T","0.00","9"
"713","147","048","LE71470482004332PFS00","12749","LANDSAT_7","ETM","L1T","0.00","9"
"714","147","048","LE71470482004348PFS00","12765","LANDSAT_7","ETM","L1T","0.00","9"
"715","147","048","LE71470482005014ASN00","12797","LANDSAT_7","ETM","L1T","0.00","9"
"716","147","048","LE71470482005062PFS00","12845","LANDSAT_7","ETM","L1T","0.00","9"
"717","147","048","LE71470482005094PFS00","12877","LANDSAT_7","ETM","L1T","0.00","9"
"718","147","048","LE71470482005318ASN00","13101","LANDSAT_7","ETM","L1T","0.00","9"
"719","147","048","LE71470482006001PFS00","13149","LANDSAT_7","ETM","L1T","0.00","9"
"720","147","048","LE71470482006049PFS00","13197","LANDSAT_7","ETM","L1T","0.00","9"
"721","147","048","LE71470482006065PFS00","13213","LANDSAT_7","ETM","L1T","0.00","9"
"722","147","048","LE71470482006097ASN00","13245","LANDSAT_7","ETM","L1T","0.00","9"
"723","147","048","LE71470482006289PFS00","13437","LANDSAT_7","ETM","L1T","8.00","9"
"724","147","048","LE71470482006321PFS00","13469","LANDSAT_7","ETM","L1T","10.00","9"
"725","147","048","LE71470482006353SGS00","13501","LANDSAT_7","ETM","L1T","0.00","9"
"726","147","048","LE71470482007004SGS00","13517","LANDSAT_7","ETM","L1T","0.00","9"
"727","147","048","LE71470482007036SGS00","13549","LANDSAT_7","ETM","L1T","0.00","9"
"728","147","048","LE71470482007068ASN00","13581","LANDSAT_7","ETM","L1T","0.00","9"
"729","147","048","LE71470482007100ASN00","13613","LANDSAT_7","ETM","L1T","0.00","9"
"730","147","048","LE71470482007132ASN00","13645","LANDSAT_7","ETM","L1T","4.00","9"
"731","147","048","LE71470482007292PFS00","13805","LANDSAT_7","ETM","L1T","1.00","9"
"732","147","048","LE71470482007308PFS00","13821","LANDSAT_7","ETM","L1T","8.00","9"
"733","147","048","LE71470482008007PFS00","13885","LANDSAT_7","ETM","L1T","0.00","9"
"734","147","048","LE71470482008039SGS00","13917","LANDSAT_7","ETM","L1T","2.00","9"
"735","147","048","LE71470482008087SGS00","13965","LANDSAT_7","ETM","L1T","0.00","9"
"736","147","048","LE71470482008103SGS00","13981","LANDSAT_7","ETM","L1T","0.00","9"
"737","147","048","LE71470482008135ASN00","14013","LANDSAT_7","ETM","L1T","0.00","9"
"738","147","048","LE71470482008295ASN00","14173","LANDSAT_7","ETM","L1T","0.00","9"
"739","147","048","LE71470482008311SGS00","14189","LANDSAT_7","ETM","L1T","0.00","9"
"740","147","048","LE71470482008343SGS00","14221","LANDSAT_7","ETM","L1T","0.00","9"
"741","147","048","LE71470482009041SGS00","14285","LANDSAT_7","ETM","L1T","0.00","9"
"742","147","048","LE71470482009105ASN00","14349","LANDSAT_7","ETM","L1T","0.00","9"
"743","147","048","LE71470482009121PFS00","14365","LANDSAT_7","ETM","L1T","0.00","9"
"744","147","048","LE71470482009297SGS00","14541","LANDSAT_7","ETM","L1T","0.00","9"
"745","147","048","LE71470482009345PFS00","14589","LANDSAT_7","ETM","L1T","0.00","9"
"746","147","048","LE71470482010060SGS00","14669","LANDSAT_7","ETM","L1T","1.00","9"
"747","147","048","LE71470482010092PFS00","14701","LANDSAT_7","ETM","L1T","0.00","9"
"748","147","048","LE71470482010124ASN00","14733","LANDSAT_7","ETM","L1T","0.00","9"
"749","147","048","LE71470482010300ASN00","14909","LANDSAT_7","ETM","L1T","0.00","9"
"750","147","048","LE71470482010348ASN00","14957","LANDSAT_7","ETM","L1T","0.00","9"
"751","147","048","LE71470482011031ASN00","15005","LANDSAT_7","ETM","L1T","0.00","9"
"752","147","048","LE71470482011319PFS00","15293","LANDSAT_7","ETM","L1T","0.00","9"
"753","147","048","LE71470482011335PFS00","15309","LANDSAT_7","ETM","L1T","1.00","9"
"754","147","048","LE71470482012002PFS00","15341","LANDSAT_7","ETM","L1T","1.00","9"
"755","147","048","LE71470482012050PFS00","15389","LANDSAT_7","ETM","L1T","0.00","9"
"756","147","048","LE71470482012066PFS00","15405","LANDSAT_7","ETM","L1T","0.00","9"
"757","147","048","LE71470482012098PFS00","15437","LANDSAT_7","ETM","L1T","0.00","9"
"758","147","048","LE71470482012322PFS00","15661","LANDSAT_7","ETM","L1T","0.00","9"
"759","147","048","LE71470482012338PFS00","15677","LANDSAT_7","ETM","L1T","0.00","9"
"760","147","048","LE71470482013020PFS00","15725","LANDSAT_7","ETM","L1T","0.00","9"
"761","147","048","LE71470482013036PFS00","15741","LANDSAT_7","ETM","L1T","1.00","9"
"762","147","048","LE71470482013068PFS00","15773","LANDSAT_7","ETM","L1T","0.00","9"
"763","147","048","LE71470482013100PFS00","15805","LANDSAT_7","ETM","L1T","0.00","9"
"764","147","048","LE71470482013292SG100","15997","LANDSAT_7","ETM","L1T","1.00","9"
"765","147","048","LE71470482013340SG100","16045","LANDSAT_7","ETM","L1T","0.00","9"
"766","147","048","LE71470482014007SG100","16077","LANDSAT_7","ETM","L1T","0.00","9"
"767","147","048","LE71470482014055SG100","16125","LANDSAT_7","ETM","L1T","0.00","9"
"768","147","049","LE71470491999318SGS00","10909","LANDSAT_7","ETM","L1T","0.00","9"
"769","147","049","LE71470492000049SGS00","11005","LANDSAT_7","ETM","L1T","0.00","9"
"770","147","049","LE71470492000129SGS00","11085","LANDSAT_7","ETM","L1T","9.00","9"
"771","147","049","LE71470492000289SGS00","11245","LANDSAT_7","ETM","L1T","0.00","9"
"772","147","049","LE71470492000321EDC00","11277","LANDSAT_7","ETM","L1T","0.00","9"
"773","147","049","LE71470492001003SGS00","11325","LANDSAT_7","ETM","L1T","4.00","9"
"774","147","049","LE71470492001051SGS00","11373","LANDSAT_7","ETM","L1T","0.00","9"
"775","147","049","LE71470492001083SGS00","11405","LANDSAT_7","ETM","L1T","0.00","9"
"776","147","049","LE71470492001131SGS00","11453","LANDSAT_7","ETM","L1T","3.00","9"
"777","147","049","LE71470492001307SGS01","11629","LANDSAT_7","ETM","L1T","0.00","9"
"778","147","049","LE71470492002006SGS00","11693","LANDSAT_7","ETM","L1T","0.00","9"
"779","147","049","LE71470492002086SGS00","11773","LANDSAT_7","ETM","L1T","1.00","9"
"780","147","049","LE71470492002262SGS00","11949","LANDSAT_7","ETM","L1T","7.00","9"
"781","147","049","LE71470492002310SGS00","11997","LANDSAT_7","ETM","L1T","0.00","9"
"782","147","049","LE71470492002358SGS00","12045","LANDSAT_7","ETM","L1T","1.00","9"
"783","147","049","LE71470492003025SGS00","12077","LANDSAT_7","ETM","L1T","0.00","9"
"784","147","049","LE71470492003057SGS00","12109","LANDSAT_7","ETM","L1T","0.00","9"
"785","147","049","LE71470492003089SGS00","12141","LANDSAT_7","ETM","L1T","0.00","9"
"786","147","049","LE71470492003329ASN01","12381","LANDSAT_7","ETM","L1T","0.00","9"
"787","147","049","LE71470492004012ASN01","12429","LANDSAT_7","ETM","L1T","0.00","9"
"788","147","049","LE71470492004076ASN02","12493","LANDSAT_7","ETM","L1T","0.00","9"
"789","147","049","LE71470492004108ASN01","12525","LANDSAT_7","ETM","L1T","1.00","9"
"790","147","049","LE71470492004332PFS00","12749","LANDSAT_7","ETM","L1T","0.00","9"
"791","147","049","LE71470492004348PFS00","12765","LANDSAT_7","ETM","L1T","0.00","9"
"792","147","049","LE71470492005014ASN00","12797","LANDSAT_7","ETM","L1T","0.00","9"
"793","147","049","LE71470492005062PFS00","12845","LANDSAT_7","ETM","L1T","0.00","9"
"794","147","049","LE71470492005094PFS00","12877","LANDSAT_7","ETM","L1T","9.00","9"
"795","147","049","LE71470492005318ASN00","13101","LANDSAT_7","ETM","L1T","0.00","9"
"796","147","049","LE71470492006001PFS00","13149","LANDSAT_7","ETM","L1T","0.00","9"
"797","147","049","LE71470492006049PFS00","13197","LANDSAT_7","ETM","L1T","0.00","9"
"798","147","049","LE71470492006065ASN00","13213","LANDSAT_7","ETM","L1T","0.00","9"
"799","147","049","LE71470492006097ASN00","13245","LANDSAT_7","ETM","L1T","1.00","9"
"800","147","049","LE71470492006305PFS00","13453","LANDSAT_7","ETM","L1T","8.00","9"
"801","147","049","LE71470492007036SGS00","13549","LANDSAT_7","ETM","L1T","0.00","9"
"802","147","049","LE71470492007068ASN00","13581","LANDSAT_7","ETM","L1T","0.00","9"
"803","147","049","LE71470492007100ASN00","13613","LANDSAT_7","ETM","L1T","5.00","9"
"804","147","049","LE71470492007324ASN00","13837","LANDSAT_7","ETM","L1T","1.00","9"
"805","147","049","LE71470492008007PFS00","13885","LANDSAT_7","ETM","L1T","0.00","9"
"806","147","049","LE71470492008055SGS00","13933","LANDSAT_7","ETM","L1T","0.00","9"
"807","147","049","LE71470492008087SGS00","13965","LANDSAT_7","ETM","L1T","5.00","9"
"808","147","049","LE71470492008103SGS00","13981","LANDSAT_7","ETM","L1T","0.00","9"
"809","147","049","LE71470492008135ASN00","14013","LANDSAT_7","ETM","L1T","3.00","9"
"810","147","049","LE71470492008311SGS00","14189","LANDSAT_7","ETM","L1T","0.00","9"
"811","147","049","LE71470492008343SGS00","14221","LANDSAT_7","ETM","L1T","0.00","9"
"812","147","049","LE71470492009009PFS00","14253","LANDSAT_7","ETM","L1T","4.00","9"
"813","147","049","LE71470492009041SGS00","14285","LANDSAT_7","ETM","L1T","0.00","9"
"814","147","049","LE71470492009121PFS00","14365","LANDSAT_7","ETM","L1T","6.00","9"
"815","147","049","LE71470492009297SGS00","14541","LANDSAT_7","ETM","L1T","0.00","9"
"816","147","049","LE71470492009345PFS00","14589","LANDSAT_7","ETM","L1T","0.00","9"
"817","147","049","LE71470492010060SGS00","14669","LANDSAT_7","ETM","L1T","2.00","9"
"818","147","049","LE71470492010092PFS00","14701","LANDSAT_7","ETM","L1T","0.00","9"
"819","147","049","LE71470492010124ASN00","14733","LANDSAT_7","ETM","L1T","0.00","9"
"820","147","049","LE71470492010348ASN00","14957","LANDSAT_7","ETM","L1T","0.00","9"
"821","147","049","LE71470492011031ASN00","15005","LANDSAT_7","ETM","L1T","0.00","9"
"822","147","049","LE71470492011271PFS00","15245","LANDSAT_7","ETM","L1T","9.00","9"
"823","147","049","LE71470492011287ASN00","15261","LANDSAT_7","ETM","L1T","3.00","9"
"824","147","049","LE71470492011319PFS00","15293","LANDSAT_7","ETM","L1T","0.00","9"
"825","147","049","LE71470492012002PFS00","15341","LANDSAT_7","ETM","L1T","8.00","9"
"826","147","049","LE71470492012050PFS00","15389","LANDSAT_7","ETM","L1T","0.00","9"
"827","147","049","LE71470492012066PFS00","15405","LANDSAT_7","ETM","L1T","2.00","9"
"828","147","049","LE71470492012098PFS01","15437","LANDSAT_7","ETM","L1T","0.00","9"
"829","147","049","LE71470492012290PFS00","15629","LANDSAT_7","ETM","L1T","0.00","9"
"830","147","049","LE71470492012322PFS00","15661","LANDSAT_7","ETM","L1T","0.00","9"
"831","147","049","LE71470492012338PFS00","15677","LANDSAT_7","ETM","L1T","0.00","9"
"832","147","049","LE71470492013036PFS00","15741","LANDSAT_7","ETM","L1T","5.00","9"
"833","147","049","LE71470492013068PFS00","15773","LANDSAT_7","ETM","L1T","0.00","9"
"834","147","049","LE71470492013100PFS00","15805","LANDSAT_7","ETM","L1T","0.00","9"
"835","147","049","LE71470492013292SG100","15997","LANDSAT_7","ETM","L1T","0.00","9"
"836","147","049","LE71470492013340SG100","16045","LANDSAT_7","ETM","L1T","0.00","9"
"837","147","049","LE71470492014007SG100","16077","LANDSAT_7","ETM","L1T","0.00","9"
"838","147","049","LE71470492014055SG101","16125","LANDSAT_7","ETM","L1T","0.00","9"
"839","148","045","LE71480452007331SGS00","13844","LANDSAT_7","ETM","L1T","0.00","9"
"840","148","045","LE71480452007347PFS00","13860","LANDSAT_7","ETM","L1T","0.00","9"
"841","148","045","LE71480452007363SGS00","13876","LANDSAT_7","ETM","L1T","0.00","9"
"842","148","045","LE71480452008062SGS00","13940","LANDSAT_7","ETM","L1T","0.00","9"
"843","148","045","LE71480452008078SGS00","13956","LANDSAT_7","ETM","L1T","0.00","9"
"844","148","045","LE71480452008094SGS00","13972","LANDSAT_7","ETM","L1T","8.00","9"
"845","148","045","LE71480452008110SGS01","13988","LANDSAT_7","ETM","L1T","0.00","9"
"846","148","045","LE71480452008126ASN00","14004","LANDSAT_7","ETM","L1T","0.00","9"
"847","148","045","LE71480452008142PFS02","14020","LANDSAT_7","ETM","L1T","10.00","9"
"848","148","045","LE71480452008286PFS00","14164","LANDSAT_7","ETM","L1T","0.00","9"
"849","148","045","LE71480452008302SGS00","14180","LANDSAT_7","ETM","L1T","0.00","9"
"850","148","045","LE71480452008318SGS00","14196","LANDSAT_7","ETM","L1T","0.00","9"
"851","148","045","LE71480452008366SGS00","14244","LANDSAT_7","ETM","L1T","0.00","9"
"852","148","045","LE71480452009080SGS02","14324","LANDSAT_7","ETM","L1T","0.00","9"
"853","148","045","LE71480452009128ASN00","14372","LANDSAT_7","ETM","L1T","0.00","9"
"854","148","045","LE71480452009144SGS00","14388","LANDSAT_7","ETM","L1T","0.00","9"
"855","148","045","LE71480452009304SGS00","14548","LANDSAT_7","ETM","L1T","0.00","9"
"856","148","045","LE71480452009336SGS02","14580","LANDSAT_7","ETM","L1T","0.00","9"
"857","148","045","LE71480452009352PFS00","14596","LANDSAT_7","ETM","L1T","0.00","9"
"858","148","045","LE71480452010067SGS00","14676","LANDSAT_7","ETM","L1T","2.00","9"
"859","148","045","LE71480452010131PFS00","14740","LANDSAT_7","ETM","L1T","0.00","9"
"860","148","045","LE71480452010147ASN00","14756","LANDSAT_7","ETM","L1T","5.00","9"
"861","148","045","LE71480452010339ASN00","14948","LANDSAT_7","ETM","L1T","0.00","9"
"862","148","045","LE71480452010355ASN00","14964","LANDSAT_7","ETM","L1T","0.00","9"
"863","148","045","LE71480452011342PFS00","15316","LANDSAT_7","ETM","L1T","0.00","9"
"864","148","045","LE71480452012073PFS00","15412","LANDSAT_7","ETM","L1T","0.00","9"
"865","148","045","LE71480452012089PFS00","15428","LANDSAT_7","ETM","L1T","0.00","9"
"866","148","045","LE71480452012121PFS00","15460","LANDSAT_7","ETM","L1T","0.00","9"
"867","148","045","LE71480452012297PFS00","15636","LANDSAT_7","ETM","L1T","2.00","9"
"868","148","045","LE71480452012313PFS00","15652","LANDSAT_7","ETM","L1T","0.00","9"
"869","148","045","LE71480452012345PFS00","15684","LANDSAT_7","ETM","L1T","0.00","9"
"870","148","045","LE71480452012361PFS00","15700","LANDSAT_7","ETM","L1T","0.00","9"
"871","148","045","LE71480452013299SG100","16004","LANDSAT_7","ETM","L1T","0.00","9"
"872","148","045","LE71480452013315SG100","16020","LANDSAT_7","ETM","L1T","0.00","9"
"873","148","045","LE71480452013347SG100","16052","LANDSAT_7","ETM","L1T","0.00","9"
"874","148","045","LE71480452013363SG100","16068","LANDSAT_7","ETM","L1T","0.00","9"
"875","148","046","LE71480461999293SGS00","10884","LANDSAT_7","ETM","L1T","0.00","9"
"876","148","046","LE71480461999341SGS00","10932","LANDSAT_7","ETM","L1T","0.00","9"
"877","148","046","LE71480462000056SGS01","11012","LANDSAT_7","ETM","L1T","1.00","9"
"878","148","046","LE71480462000104SGS00","11060","LANDSAT_7","ETM","L1T","0.00","9"
"879","148","046","LE71480462000264SGS00","11220","LANDSAT_7","ETM","L1T","7.00","9"
"880","148","046","LE71480462000328EDC01","11284","LANDSAT_7","ETM","L1T","0.00","9"
"881","148","046","LE71480462001010SGS00","11332","LANDSAT_7","ETM","L1T","0.00","9"
"882","148","046","LE71480462001090SGS00","11412","LANDSAT_7","ETM","L1T","0.00","9"
"883","148","046","LE71480462001106SGS00","11428","LANDSAT_7","ETM","L1T","0.00","9"
"884","148","046","LE71480462001298SGS00","11620","LANDSAT_7","ETM","L1T","0.00","9"
"885","148","046","LE71480462001362SGS00","11684","LANDSAT_7","ETM","L1T","5.00","9"
"886","148","046","LE71480462002061SGS00","11748","LANDSAT_7","ETM","L1T","0.00","9"
"887","148","046","LE71480462002141SGS00","11828","LANDSAT_7","ETM","L1T","10.00","9"
"888","148","046","LE71480462002301SGS00","11988","LANDSAT_7","ETM","L1T","0.00","9"
"889","148","046","LE71480462002349SGS01","12036","LANDSAT_7","ETM","L1T","0.00","9"
"890","148","046","LE71480462003032SGS00","12084","LANDSAT_7","ETM","L1T","0.00","9"
"891","148","046","LE71480462003064SGS00","12116","LANDSAT_7","ETM","L1T","0.00","9"
"892","148","046","LE71480462003112ASN00","12164","LANDSAT_7","ETM","L1T","0.00","9"
"893","148","046","LE71480462003288ASN01","12340","LANDSAT_7","ETM","L1T","0.00","9"
"894","148","046","LE71480462003352ASN01","12404","LANDSAT_7","ETM","L1T","0.00","9"
"895","148","046","LE71480462004019ASN01","12436","LANDSAT_7","ETM","L1T","0.00","9"
"896","148","046","LE71480462004035ASN01","12452","LANDSAT_7","ETM","L1T","0.00","9"
"897","148","046","LE71480462004051ASN01","12468","LANDSAT_7","ETM","L1T","0.00","9"
"898","148","046","LE71480462004083ASN01","12500","LANDSAT_7","ETM","L1T","0.00","9"
"899","148","046","LE71480462004099ASN01","12516","LANDSAT_7","ETM","L1T","4.00","9"
"900","148","046","LE71480462004147ASN02","12564","LANDSAT_7","ETM","L1T","4.00","9"
"901","148","046","LE71480462004291PFS01","12708","LANDSAT_7","ETM","L1T","1.00","9"
"902","148","046","LE71480462004339PFS00","12756","LANDSAT_7","ETM","L1T","0.00","9"
"903","148","046","LE71480462005005PFS00","12788","LANDSAT_7","ETM","L1T","0.00","9"
"904","148","046","LE71480462005021PFS00","12804","LANDSAT_7","ETM","L1T","0.00","9"
"905","148","046","LE71480462005037PFS00","12820","LANDSAT_7","ETM","L1T","1.00","9"
"906","148","046","LE71480462005053PFS00","12836","LANDSAT_7","ETM","L1T","0.00","9"
"907","148","046","LE71480462005069PFS01","12852","LANDSAT_7","ETM","L1T","0.00","9"
"908","148","046","LE71480462005085PFS00","12868","LANDSAT_7","ETM","L1T","0.00","9"
"909","148","046","LE71480462005101PFS00","12884","LANDSAT_7","ETM","L1T","0.00","9"
"910","148","046","LE71480462005117ASN00","12900","LANDSAT_7","ETM","L1T","0.00","9"
"911","148","046","LE71480462005133ASN00","12916","LANDSAT_7","ETM","L1T","0.00","9"
"912","148","046","LE71480462005293PFS00","13076","LANDSAT_7","ETM","L1T","0.00","9"
"913","148","046","LE71480462005309EDC00","13092","LANDSAT_7","ETM","L1T","0.00","9"
"914","148","046","LE71480462005325SGS00","13108","LANDSAT_7","ETM","L1T","0.00","9"
"915","148","046","LE71480462005341PFS00","13124","LANDSAT_7","ETM","L1T","0.00","9"
"916","148","046","LE71480462005357PFS00","13140","LANDSAT_7","ETM","L1T","0.00","9"
"917","148","046","LE71480462006008PFS00","13156","LANDSAT_7","ETM","L1T","0.00","9"
"918","148","046","LE71480462006024PFS00","13172","LANDSAT_7","ETM","L1T","0.00","9"
"919","148","046","LE71480462006040PFS00","13188","LANDSAT_7","ETM","L1T","0.00","9"
"920","148","046","LE71480462006056PFS00","13204","LANDSAT_7","ETM","L1T","0.00","9"
"921","148","046","LE71480462006120PFS05","13268","LANDSAT_7","ETM","L1T","0.00","9"
"922","148","046","LE71480462006136PFS00","13284","LANDSAT_7","ETM","L1T","4.00","9"
"923","148","046","LE71480462006296PFS00","13444","LANDSAT_7","ETM","L1T","3.00","9"
"924","148","046","LE71480462006312PFS00","13460","LANDSAT_7","ETM","L1T","0.00","9"
"925","148","046","LE71480462006328ASN00","13476","LANDSAT_7","ETM","L1T","0.00","9"
"926","148","046","LE71480462006344SGS00","13492","LANDSAT_7","ETM","L1T","0.00","9"
"927","148","046","LE71480462006360SGS00","13508","LANDSAT_7","ETM","L1T","0.00","9"
"928","148","046","LE71480462007011SGS00","13524","LANDSAT_7","ETM","L1T","0.00","9"
"929","148","046","LE71480462007027SGS00","13540","LANDSAT_7","ETM","L1T","0.00","9"
"930","148","046","LE71480462007059SGS00","13572","LANDSAT_7","ETM","L1T","0.00","9"
"931","148","046","LE71480462007075SGS00","13588","LANDSAT_7","ETM","L1T","0.00","9"
"932","148","046","LE71480462007107SGS00","13620","LANDSAT_7","ETM","L1T","0.00","9"
"933","148","046","LE71480462007123ASN00","13636","LANDSAT_7","ETM","L1T","0.00","9"
"934","148","046","LE71480462007299PFS00","13812","LANDSAT_7","ETM","L1T","0.00","9"
"935","148","046","LE71480462007315PFS00","13828","LANDSAT_7","ETM","L1T","0.00","9"
"936","148","046","LE71480462007331SGS00","13844","LANDSAT_7","ETM","L1T","0.00","9"
"937","148","046","LE71480462007347PFS01","13860","LANDSAT_7","ETM","L1T","2.00","9"
"938","148","046","LE71480462008046SGS00","13924","LANDSAT_7","ETM","L1T","0.00","9"
"939","148","046","LE71480462008062SGS00","13940","LANDSAT_7","ETM","L1T","0.00","9"
"940","148","046","LE71480462008078SGS00","13956","LANDSAT_7","ETM","L1T","0.00","9"
"941","148","046","LE71480462008094SGS00","13972","LANDSAT_7","ETM","L1T","9.00","9"
"942","148","046","LE71480462008110ASN00","13988","LANDSAT_7","ETM","L1T","0.00","9"
"943","148","046","LE71480462008126ASN00","14004","LANDSAT_7","ETM","L1T","5.00","9"
"944","148","046","LE71480462008270ASN00","14148","LANDSAT_7","ETM","L1T","9.00","9"
"945","148","046","LE71480462008286PFS00","14164","LANDSAT_7","ETM","L1T","0.00","9"
"946","148","046","LE71480462008302SGS00","14180","LANDSAT_7","ETM","L1T","0.00","9"
"947","148","046","LE71480462008318SGS00","14196","LANDSAT_7","ETM","L1T","0.00","9"
"948","148","046","LE71480462008366SGS00","14244","LANDSAT_7","ETM","L1T","0.00","9"
"949","148","046","LE71480462009032SGS00","14276","LANDSAT_7","ETM","L1T","0.00","9"
"950","148","046","LE71480462009048SGS00","14292","LANDSAT_7","ETM","L1T","0.00","9"
"951","148","046","LE71480462009064SGS00","14308","LANDSAT_7","ETM","L1T","0.00","9"
"952","148","046","LE71480462009080SGS02","14324","LANDSAT_7","ETM","L1T","0.00","9"
"953","148","046","LE71480462009112SGS00","14356","LANDSAT_7","ETM","L1T","0.00","9"
"954","148","046","LE71480462009128ASN00","14372","LANDSAT_7","ETM","L1T","0.00","9"
"955","148","046","LE71480462009160ASN00","14404","LANDSAT_7","ETM","L1T","7.00","9"
"956","148","046","LE71480462009304SGS00","14548","LANDSAT_7","ETM","L1T","0.00","9"
"957","148","046","LE71480462009336SGS02","14580","LANDSAT_7","ETM","L1T","0.00","9"
"958","148","046","LE71480462009352PFS00","14596","LANDSAT_7","ETM","L1T","0.00","9"
"959","148","046","LE71480462010019SGS00","14628","LANDSAT_7","ETM","L1T","0.00","9"
"960","148","046","LE71480462010035SGS00","14644","LANDSAT_7","ETM","L1T","0.00","9"
"961","148","046","LE71480462010051SGS00","14660","LANDSAT_7","ETM","L1T","1.00","9"
"962","148","046","LE71480462010067SGS00","14676","LANDSAT_7","ETM","L1T","0.00","9"
"963","148","046","LE71480462010115SGS00","14724","LANDSAT_7","ETM","L1T","0.00","9"
"964","148","046","LE71480462010131PFS00","14740","LANDSAT_7","ETM","L1T","0.00","9"
"965","148","046","LE71480462011294PFS00","15268","LANDSAT_7","ETM","L1T","0.00","9"
"966","148","046","LE71480462011310PFS00","15284","LANDSAT_7","ETM","L1T","0.00","9"
"967","148","046","LE71480462011326PFS00","15300","LANDSAT_7","ETM","L1T","0.00","9"
"968","148","046","LE71480462011342PFS00","15316","LANDSAT_7","ETM","L1T","0.00","9"
"969","148","046","LE71480462011358PFS00","15332","LANDSAT_7","ETM","L1T","0.00","9"
"970","148","046","LE71480462012009PFS01","15348","LANDSAT_7","ETM","L1T","0.00","9"
"971","148","046","LE71480462012025PFS00","15364","LANDSAT_7","ETM","L1T","5.00","9"
"972","148","046","LE71480462012041PFS00","15380","LANDSAT_7","ETM","L1T","0.00","9"
"973","148","046","LE71480462012057PFS00","15396","LANDSAT_7","ETM","L1T","0.00","9"
"974","148","046","LE71480462012073PFS00","15412","LANDSAT_7","ETM","L1T","0.00","9"
"975","148","046","LE71480462012089PFS01","15428","LANDSAT_7","ETM","L1T","0.00","9"
"976","148","046","LE71480462012105PFS00","15444","LANDSAT_7","ETM","L1T","1.00","9"
"977","148","046","LE71480462012121PFS00","15460","LANDSAT_7","ETM","L1T","0.00","9"
"978","148","046","LE71480462012153PFS00","15492","LANDSAT_7","ETM","L1T","6.00","9"
"979","148","046","LE71480462012297PFS00","15636","LANDSAT_7","ETM","L1T","0.00","9"
"980","148","046","LE71480462012313PFS00","15652","LANDSAT_7","ETM","L1T","0.00","9"
"981","148","046","LE71480462012329PFS00","15668","LANDSAT_7","ETM","L1T","0.00","9"
"982","148","046","LE71480462013091PFS01","15796","LANDSAT_7","ETM","L1T","0.00","9"
"983","148","046","LE71480462013107SG100","15812","LANDSAT_7","ETM","L1T","0.00","9"
"984","148","046","LE71480462013123PFS00","15828","LANDSAT_7","ETM","L1T","0.00","9"
"985","148","046","LE71480462013139PFS00","15844","LANDSAT_7","ETM","L1T","3.00","9"
"986","148","046","LE71480462013299SG100","16004","LANDSAT_7","ETM","L1T","9.00","9"
"987","148","046","LE71480462013315SG100","16020","LANDSAT_7","ETM","L1T","0.00","9"
"988","148","046","LE71480462013347SG100","16052","LANDSAT_7","ETM","L1T","0.00","9"
"989","148","047","LE71480471999293SGS00","10884","LANDSAT_7","ETM","L1T","0.00","9"
"990","148","047","LE71480471999341SGS01","10932","LANDSAT_7","ETM","L1T","0.00","9"
"991","148","047","LE71480472000104SGS00","11060","LANDSAT_7","ETM","L1T","0.00","9"
"992","148","047","LE71480472000328EDC00","11284","LANDSAT_7","ETM","L1T","0.00","9"
"993","148","047","LE71480472001090SGS00","11412","LANDSAT_7","ETM","L1T","0.00","9"
"994","148","047","LE71480472001298SGS00","11620","LANDSAT_7","ETM","L1T","0.00","9"
"995","148","047","LE71480472002061SGS00","11748","LANDSAT_7","ETM","L1T","0.00","9"
"996","148","047","LE71480472002141SGS00","11828","LANDSAT_7","ETM","L1T","6.00","9"
"997","148","047","LE71480472002301SGS00","11988","LANDSAT_7","ETM","L1T","0.00","9"
"998","148","047","LE71480472002349SGS01","12036","LANDSAT_7","ETM","L1T","0.00","9"
"999","148","047","LE71480472003064SGS00","12116","LANDSAT_7","ETM","L1T","0.00","9"
"1000","148","047","LE71480472003112ASN00","12164","LANDSAT_7","ETM","L1T","0.00","9"
"1001","148","047","LE71480472003288ASN01","12340","LANDSAT_7","ETM","L1T","0.00","9"
"1002","148","047","LE71480472003352ASN01","12404","LANDSAT_7","ETM","L1T","0.00","9"
"1003","148","047","LE71480472004083ASN01","12500","LANDSAT_7","ETM","L1T","0.00","9"
"1004","148","047","LE71480472004099ASN01","12516","LANDSAT_7","ETM","L1T","1.00","9"
"1005","148","047","LE71480472004147ASN02","12564","LANDSAT_7","ETM","L1T","3.00","9"
"1006","148","047","LE71480472004291PFS01","12708","LANDSAT_7","ETM","L1T","0.00","9"
"1007","148","047","LE71480472004323ASN00","12740","LANDSAT_7","ETM","L1T","0.00","9"
"1008","148","047","LE71480472004339PFS00","12756","LANDSAT_7","ETM","L1T","0.00","9"
"1009","148","047","LE71480472004355PFS00","12772","LANDSAT_7","ETM","L1T","2.00","9"
"1010","148","047","LE71480472005069PFS01","12852","LANDSAT_7","ETM","L1T","0.00","9"
"1011","148","047","LE71480472005085PFS00","12868","LANDSAT_7","ETM","L1T","0.00","9"
"1012","148","047","LE71480472005101PFS00","12884","LANDSAT_7","ETM","L1T","0.00","9"
"1013","148","047","LE71480472005117ASN00","12900","LANDSAT_7","ETM","L1T","0.00","9"
"1014","148","047","LE71480472005133ASN00","12916","LANDSAT_7","ETM","L1T","0.00","9"
"1015","148","047","LE71480472005149ASN00","12932","LANDSAT_7","ETM","L1T","5.00","9"
"1016","148","047","LE71480472005293PFS00","13076","LANDSAT_7","ETM","L1T","6.00","9"
"1017","148","047","LE71480472005309EDC00","13092","LANDSAT_7","ETM","L1T","0.00","9"
"1018","148","047","LE71480472005325SGS00","13108","LANDSAT_7","ETM","L1T","0.00","9"
"1019","148","047","LE71480472005341PFS00","13124","LANDSAT_7","ETM","L1T","0.00","9"
"1020","148","047","LE71480472005357PFS00","13140","LANDSAT_7","ETM","L1T","0.00","9"
"1021","148","047","LE71480472006120PFS05","13268","LANDSAT_7","ETM","L1T","3.00","9"
"1022","148","047","LE71480472006136PFS00","13284","LANDSAT_7","ETM","L1T","3.00","9"
"1023","148","047","LE71480472006280PFS00","13428","LANDSAT_7","ETM","L1T","8.00","9"
"1024","148","047","LE71480472006296PFS00","13444","LANDSAT_7","ETM","L1T","7.00","9"
"1025","148","047","LE71480472006312PFS00","13460","LANDSAT_7","ETM","L1T","2.00","9"
"1026","148","047","LE71480472006344SGS00","13492","LANDSAT_7","ETM","L1T","0.00","9"
"1027","148","047","LE71480472006360SGS00","13508","LANDSAT_7","ETM","L1T","0.00","9"
"1028","148","047","LE71480472007075SGS00","13588","LANDSAT_7","ETM","L1T","0.00","9"
"1029","148","047","LE71480472007107SGS00","13620","LANDSAT_7","ETM","L1T","4.00","9"
"1030","148","047","LE71480472007123ASN00","13636","LANDSAT_7","ETM","L1T","1.00","9"
"1031","148","047","LE71480472007139ASN00","13652","LANDSAT_7","ETM","L1T","4.00","9"
"1032","148","047","LE71480472007299PFS00","13812","LANDSAT_7","ETM","L1T","0.00","9"
"1033","148","047","LE71480472007331SGS00","13844","LANDSAT_7","ETM","L1T","0.00","9"
"1034","148","047","LE71480472007347PFS00","13860","LANDSAT_7","ETM","L1T","1.00","9"
"1035","148","047","LE71480472007363SGS00","13876","LANDSAT_7","ETM","L1T","0.00","9"
"1036","148","047","LE71480472008062SGS00","13940","LANDSAT_7","ETM","L1T","0.00","9"
"1037","148","047","LE71480472008078SGS00","13956","LANDSAT_7","ETM","L1T","0.00","9"
"1038","148","047","LE71480472008094SGS00","13972","LANDSAT_7","ETM","L1T","8.00","9"
"1039","148","047","LE71480472008110ASN00","13988","LANDSAT_7","ETM","L1T","0.00","9"
"1040","148","047","LE71480472008126ASN00","14004","LANDSAT_7","ETM","L1T","1.00","9"
"1041","148","047","LE71480472008142PFS02","14020","LANDSAT_7","ETM","L1T","9.00","9"
"1042","148","047","LE71480472008286PFS00","14164","LANDSAT_7","ETM","L1T","6.00","9"
"1043","148","047","LE71480472008302SGS00","14180","LANDSAT_7","ETM","L1T","0.00","9"
"1044","148","047","LE71480472008318SGS00","14196","LANDSAT_7","ETM","L1T","0.00","9"
"1045","148","047","LE71480472008366SGS00","14244","LANDSAT_7","ETM","L1T","0.00","9"
"1046","148","047","LE71480472009064SGS00","14308","LANDSAT_7","ETM","L1T","0.00","9"
"1047","148","047","LE71480472009080SGS02","14324","LANDSAT_7","ETM","L1T","0.00","9"
"1048","148","047","LE71480472009112SGS00","14356","LANDSAT_7","ETM","L1T","0.00","9"
"1049","148","047","LE71480472009128ASN00","14372","LANDSAT_7","ETM","L1T","0.00","9"
"1050","148","047","LE71480472009144SGS00","14388","LANDSAT_7","ETM","L1T","9.00","9"
"1051","148","047","LE71480472009304SGS00","14548","LANDSAT_7","ETM","L1T","0.00","9"
"1052","148","047","LE71480472009336SGS02","14580","LANDSAT_7","ETM","L1T","0.00","9"
"1053","148","047","LE71480472009352PFS00","14596","LANDSAT_7","ETM","L1T","0.00","9"
"1054","148","047","LE71480472010067SGS00","14676","LANDSAT_7","ETM","L1T","0.00","9"
"1055","148","047","LE71480472010115ASN00","14724","LANDSAT_7","ETM","L1T","3.00","9"
"1056","148","047","LE71480472010131PFS00","14740","LANDSAT_7","ETM","L1T","0.00","9"
"1057","148","047","LE71480472010147ASN00","14756","LANDSAT_7","ETM","L1T","4.00","9"
"1058","148","047","LE71480472011294PFS00","15268","LANDSAT_7","ETM","L1T","0.00","9"
"1059","148","047","LE71480472011310PFS00","15284","LANDSAT_7","ETM","L1T","0.00","9"
"1060","148","047","LE71480472011326PFS00","15300","LANDSAT_7","ETM","L1T","0.00","9"
"1061","148","047","LE71480472011342PFS00","15316","LANDSAT_7","ETM","L1T","0.00","9"
"1062","148","047","LE71480472011358PFS00","15332","LANDSAT_7","ETM","L1T","0.00","9"
"1063","148","047","LE71480472012073PFS00","15412","LANDSAT_7","ETM","L1T","0.00","9"
"1064","148","047","LE71480472012089PFS00","15428","LANDSAT_7","ETM","L1T","0.00","9"
"1065","148","047","LE71480472012105PFS00","15444","LANDSAT_7","ETM","L1T","10.00","9"
"1066","148","047","LE71480472012121PFS00","15460","LANDSAT_7","ETM","L1T","1.00","9"
"1067","148","047","LE71480472012313PFS00","15652","LANDSAT_7","ETM","L1T","0.00","9"
"1068","148","047","LE71480472012345PFS00","15684","LANDSAT_7","ETM","L1T","0.00","9"
"1069","148","047","LE71480472012361PFS00","15700","LANDSAT_7","ETM","L1T","0.00","9"
"1070","148","047","LE71480472013091PFS01","15796","LANDSAT_7","ETM","L1T","0.00","9"
"1071","148","047","LE71480472013107SG100","15812","LANDSAT_7","ETM","L1T","0.00","9"
"1072","148","047","LE71480472013123PFS00","15828","LANDSAT_7","ETM","L1T","0.00","9"
"1073","148","047","LE71480472013299SG100","16004","LANDSAT_7","ETM","L1T","0.00","9"
"1074","148","047","LE71480472013315SG100","16020","LANDSAT_7","ETM","L1T","0.00","9"
"1075","148","047","LE71480472013347SG100","16052","LANDSAT_7","ETM","L1T","0.00","9"
"1076","148","047","LE71480472013363SG100","16068","LANDSAT_7","ETM","L1T","0.00","9"
"1077","148","047","LE71480472014062SG100","16132","LANDSAT_7","ETM","L1T","0.00","9"
"1078","148","047","LE71480472014078SG100","16148","LANDSAT_7","ETM","L1T","0.00","9"
"1079","148","047","LE71480472014094PFS00","16164","LANDSAT_7","ETM","L1T","0.00","9"
